1G1X	6	0.494	0.082	0.883	M111111	1.D.C.590.	1.D.G.591.	1.D.A.592.	1.D.A.593.	1.D.A.594.	1.D.G.649.	C	G	A	A	A	G	M011111	1	1	1	1	1	LC	SM	SM	SM	LC	S	HC	HC	HC	HC	S	G,A,A,A	4	anti,~C3'-endo	anti,~C3'-endo	anti,~C3'-endo	anti,~C3'-endo	anti,~C3'-endo	anti,~C3'-endo	G-A,tSH	C-G,cWW	-,-	-,-	-,-	-,-	-,-	-,-	1	-	NR_all_13125.1
1G1X	6	1.161	0.194	1.585	M111111	1.I.C.590.	1.I.G.591.	1.I.A.592.	1.I.A.593.	1.I.A.594.	1.I.G.649.	C	G	A	A	A	G	M001100	1	1	1	1	1	LC	SM	SM	SM	LC	S	HC	HC	HC	HC	S	G,A,A,A	4	anti,~C3'-endo	anti,~C3'-endo	anti,~C3'-endo	anti,~C3'-endo	anti,~C3'-endo	anti,~C3'-endo	G-A,tWH	C-G,cWW	-,-	-,-	-,-	-,-	-,-	-,-	1	-	NR_all_40657.1
1GID	6	0.958	0.16	1.271	M111111	1.B.G.149.	1.B.G.150.	1.B.A.151.	1.B.A.152.	1.B.A.153.	1.B.C.154.	G	G	A	A	A	C	M000000	1	1	1	1	1	LC	SM	SM	SM	LC	S	HC	HC	HC	HC	S	G,A,A,A	4	anti,~C3'-endo	anti,~C3'-endo	anti,~C3'-endo	anti,~C3'-endo	anti,~C3'-endo	anti,~C3'-endo	G-A,tSH	G-C,cWW	-,-	-,-	basepair,stack	basepair,-	basepair,-	-,-	1	-	NR_all_69808.1
1HMH	6	0.319	0.053	0.446	M111111	1.E.C.104.	1.E.G.21.L	1.E.A.22.L	1.E.A.23.L	1.E.A.24.L	1.E.G.114.	C	G	A	A	A	G	M001001	1	1	1	1	1	LC	SM	SM	SM	LC	S	HC	HC	HC	HC	S	G,A,A,A	4	anti,~C3'-endo	anti,~C3'-endo	anti,~C3'-endo	anti,~C3'-endo	anti,~C3'-endo	anti,~C3'-endo	G-A,tSH	C-G,cWW	-,-	-,-	-,-	-,-	-,-	-,-	1	-	NR_all_55907.2
1HMH	6	0.642	0.107	0.953	M111111	1.A.C.104.	1.A.G.21.L	1.A.A.22.L	1.A.A.23.L	1.A.A.24.L	1.A.G.114.	C	G	A	A	A	G	M000000	1	1	1	1	1	LC	SM	SM	SM	LC	S	HC	HC	HC	HC	S	G,A,A,A	4	anti,~C3'-endo	anti,~C3'-endo	anti,~C3'-endo	anti,~C3'-endo	anti,~C3'-endo	anti,~C3'-endo	G-A,tSH	C-G,cWW	-,-	-,-	basepair,-	basepair,-	basepair,-	-,-	1	-	NR_all_82681.1
1KH6	6	0.667	0.111	0.919	M111111	1.A.C.28.	1.A.G.29.	1.A.A.30.	1.A.A.31.	1.A.A.32.	1.A.G.33.	C	G	A	A	A	G	M000000	1	1	1	1	1	LC	SM	SM	SM	LC	S	HC	HC	HC	HC	S	G,A,A,A	4	anti,~C3'-endo	anti,~C3'-endo	anti,~C3'-endo	anti,~C3'-endo	anti,~C3'-endo	anti,~C3'-endo	G-A,tSH	C-G,cWW	-,-	-,-	-,-	-,-	-,-	-,-	1	-	NR_all_90687.1
1KXK	6	0.681	0.114	1.074	M111111	1.A.U.33.	1.A.G.34.	1.A.A.35.	1.A.A.36.	1.A.A.37.	1.A.G.38.	U	G	A	A	A	G	M001111	1	1	1	1	1	LC	SM	SM	SM	LC	S	HC	HC	HC	HC	S	G,A,A,A	4	anti,~C3'-endo	anti,~C3'-endo	anti,~C3'-endo	anti,~C3'-endo	anti,~C3'-endo	anti,~C3'-endo	G-A,tSH	U-G,cWW	-,-	-,-	-,-	-,-	-,-	-,-	1	RF00029	NR_all_26998.1
1L9A	6	0.976	0.163	1.37	M111111	1.B.G.197.	1.B.G.198.	1.B.A.199.	1.B.A.200.	1.B.A.201.	1.B.C.202.	G	G	A	A	A	C	M001000	1	1	1	1	1	LC	SM	SM	SM	LC	S	HC	HC	HC	HC	S	G,A,A,A	4	anti,~C3'-endo	anti,~C3'-endo	anti,~C3'-endo	anti,~C3'-endo	anti,~C3'-endo	anti,~C3'-endo	G-A,tSH	G-C,cWW	basepair,-	-,-	-,-	basepair,-	basepair,-	basepair,-	1	RF00017	NR_all_70955.1
1MFQ	6	0.998	0.166	1.556	M111111	1.A.G.197.	1.A.G.198.	1.A.A.199.	1.A.A.200.	1.A.A.201.	1.A.C.202.	G	G	A	A	A	C	M001110	1	1	1	1	1	LC	SM	SM	SM	LC	S	HC	HC	HC	HC	S	G,A,A,A	4	anti,~C3'-endo	anti,~C3'-endo	anti,~C3'-endo	anti,~C3'-endo	anti,~C3'-endo	anti,~C3'-endo	G-A,tSH	G-C,cWW	basepair,-	-,-	-,-	-,-	basepair,-	basepair,-	1	RF00017	NR_all_37229.3
1MZP	6	0.744	0.124	1.007	M111111	1.B.C.25.	1.B.G.26.	1.B.C.27.	1.B.A.28.	1.B.A.29.	1.B.G.30.	C	G	C	A	A	G	M001111	1	1	1	1	1	LC	SM	SM	SM	LC	S	HC	HC	HC	HC	S	G,C,A,A	4	anti,~C3'-endo	anti,~C3'-endo	anti,~C3'-endo	anti,~C3'-endo	anti,~C3'-endo	anti,~C3'-endo	G-A,tSH	C-G,cWW	-,-	-,-	-,-	-,-	-,-	-,-	1	-	NR_all_46884.1
1NBS	6	1.147	0.191	1.451	M111111	1.B.A.204.	1.B.G.205.	1.B.A.206.	1.B.A.207.	1.B.A.208.	1.B.U.209.	A	G	A	A	A	U	M000000	1	1	1	1	1	LC	SM	SM	SM	LC	S	HC	HC	HC	HC	S	G,A,A,A	4	anti,~C3'-endo	anti,~C3'-endo	anti,~C3'-endo	anti,~C3'-endo	anti,~C3'-endo	anti,~C3'-endo	G-A,tSH	A-U,cWW	-,-	-,-	basepair,stack	basepair,-	basepair,-	-,-	1	RF00011	NR_all_20339.1
1Q96	6	0.414	0.069	0.71	M111111	1.A.U.13.	1.A.G.14.	1.A.A.15.	1.A.G.16.	1.A.A.17.	1.A.A.18.	U	G	A	G	A	A	M111110	1	1	1	1	1	SM	SM	SM	SM	SM	HC	HC	HC	HC	HC	HC	U,C,A,G,U,A,U,G,A,G,A,A,G,A,A,C,C	17	anti,~C3'-endo	anti,~C3'-endo	anti,~C3'-endo	anti,~C3'-endo	anti,~C3'-endo	anti,~C3'-endo	G-A,tSH	U-A,cWW	-,stack	-,-	basepair,-	basepair,-	-,-	-,stack	1	-	NR_all_57955.2
1RLG	6	0.451	0.075	0.739	M111111	1.D.C.9.	1.D.G.10.	1.D.A.11.	1.D.A.12.	1.D.A.13.	1.D.G.14.	C	G	A	A	A	G	M011000	1	1	1	1	1	LC	SM	SM	SM	LC	S	HC	HC	HC	HC	S	G,A,A,A	4	anti,~C3'-endo	anti,~C3'-endo	anti,~C3'-endo	anti,~C3'-endo	anti,~C3'-endo	anti,~C3'-endo	G-A,tSH	C-G,cWW	-,-	-,-	-,-	-,-	-,-	-,-	1	-	NR_all_80055.1
1U6B	6	1.038	0.173	1.416	M111111	1.B.G.23.	1.B.G.24.	1.B.A.25.	1.B.A.26.	1.B.A.27.	1.B.C.28.	G	G	A	A	A	C	M000000	1	1	1	1	1	LC	SM	SM	SM	LC	S	HC	HC	HC	HC	S	G,A,A,A	4	anti,~C3'-endo	anti,~C3'-endo	anti,~C3'-endo	anti,~C3'-endo	anti,~C3'-endo	anti,~C3'-endo	G-A,tSH	G-C,cWW	-,-	-,-	basepair,-	-,-	basepair,-	-,-	1	-	NR_all_30944.5
1U9S	6	0.931	0.155	1.251	M111111	1.A.G.204.	1.A.G.205.	1.A.C.206.	1.A.A.207.	1.A.A.208.	1.A.C.209.	G	G	C	A	A	C	M000000	1	1	1	1	1	LC	SM	SM	SM	LC	S	HC	HC	HC	HC	S	G,C,A,A	4	anti,~C3'-endo	anti,~C3'-endo	anti,~C3'-endo	anti,~C3'-endo	anti,~C3'-endo	anti,~C3'-endo	G-A,tSH	G-C,cWW	-,-	-,-	-,-	-,-	basepair,-	-,-	1	RF00010	NR_all_72627.1
1U9S	6	1.057	0.176	1.423	M111111	1.A.G.99.	1.A.G.100.	1.A.U.101.	1.A.A.102.	1.A.A.103.	1.A.C.104.	G	G	U	A	A	C	M000111	1	1	1	1	1	LC	SM	SM	SM	LC	S	HC	HC	HC	HC	S	G,U,A,A	4	anti,~C3'-endo	anti,~C3'-endo	anti,~C3'-endo	anti,~C3'-endo	anti,~C3'-endo	anti,~C3'-endo	G-A,tSH	G-C,cWW	-,-	-,-	-,-	-,-	-,-	-,-	1	RF00010	NR_all_72627.1
1UN6	6	0.749	0.125	1.143	M111111	1.F.G.82.	1.F.G.83.	1.F.A.84.	1.F.A.85.	1.F.A.86.	1.F.C.94.	G	G	A	A	A	C	M001000	1	1	1	1	1	LC	SM	SM	SM	LC	S	HC	HC	HC	HC	S	G,A,A,A	4	anti,~C3'-endo	anti,~C3'-endo	anti,~C3'-endo	anti,~C3'-endo	anti,~C3'-endo	anti,~C3'-endo	G-A,tSH	G-C,cWW	-,-	-,-	-,-	-,-	-,-	-,-	1	-	NR_all_75381.1
2BTE	6	0.982	0.164	1.351	M111111	1.B.C.46.	1.B.G.47.	1.B.C.47.A	1.B.A.47.B	1.B.A.47.C	1.B.G.47.D	C	G	C	A	A	G	M000000	1	1	1	1	1	LC	SM	SM	SM	LC	S	HC	HC	HC	HC	S	G,C,A,A	4	anti,~C3'-endo	anti,~C3'-endo	anti,~C3'-endo	anti,~C3'-endo	anti,~C3'-endo	anti,~C3'-endo	-	C-G,cWW	-,-	-,-	-,-	-,-	basepair,-	-,-	1	RF00005	NR_all_23989.1
2IL9	6	0.647	0.108	1.123	M111111	1.A.C.6119.	1.A.G.6119.A	1.A.A.6119.B	1.A.A.6119.C	1.A.A.6119.D	1.A.G.6119.E	C	G	A	A	A	G	M001110	1	1	1	1	1	LC	SM	SM	SM	LC	S	HC	HC	HC	HC	S	G,A,A,A	4	anti,~C3'-endo	anti,~C3'-endo	anti,~C3'-endo	anti,~C3'-endo	anti,~C3'-endo	anti,~C3'-endo	G-A,tSH	C-G,cWW	-,-	-,-	-,-	-,-	-,-	-,-	1	RF00458	NR_all_47156.1
2OIU	6	0.603	0.1	0.965	M111111	1.P.C.10.	1.P.G.11.	1.P.A.12.	1.P.A.13.	1.P.A.14.	1.P.G.15.	C	G	A	A	A	G	M001110	1	1	1	1	1	LC	SM	SM	SM	LC	S	HC	HC	HC	HC	S	G,A,A,A	4	anti,~C3'-endo	anti,~C3'-endo	anti,~C3'-endo	anti,~C3'-endo	anti,~C3'-endo	anti,~C3'-endo	G-A,tSH	C-G,cWW	-,-	-,-	-,-	-,-	-,-	-,-	0	-	NR_all_60142.1
2OIU	6	0.636	0.106	0.964	M111111	1.P.C.59.	1.P.G.60.	1.P.A.61.	1.P.A.62.	1.P.A.63.	1.P.G.64.	C	G	A	A	A	G	M001000	1	1	1	1	1	LC	SM	SM	SM	LC	S	HC	HC	HC	HC	S	G,A,A,A	4	anti,~C3'-endo	anti,~C3'-endo	anti,~C3'-endo	anti,~C3'-endo	anti,~C3'-endo	anti,~C3'-endo	G-A,tSH	C-G,cWW	-,-	-,-	-,-	-,-	basepair,-	-,-	1	-	NR_all_60142.1
2R8S	6	1.026	0.171	1.396	M111111	1.R.G.149.	1.R.G.150.	1.R.A.151.	1.R.A.152.	1.R.A.153.	1.R.C.154.	G	G	A	A	A	C	M110000	1	1	1	1	1	LC	SM	SM	SM	LC	S	HC	HC	HC	HC	S	G,A,A,A	4	anti,~C3'-endo	anti,~C3'-endo	anti,~C3'-endo	anti,~C3'-endo	anti,~C3'-endo	anti,~C3'-endo	G-A,tSH	G-C,cWW	-,-	-,-	basepair,-	basepair,-	basepair,-	-,-	1	-	NR_all_39627.5
2Z75	6	0.914	0.152	1.338	M111111	1.B.G.113.	1.B.G.114.	1.B.C.115.	1.B.G.116.	1.B.A.117.	1.B.C.118.	G	G	C	G	A	C	M100000	1	1	1	1	1	LC	SM	SM	SM	LC	S	HC	HC	HC	HC	S	G,C,G,A	4	anti,~C3'-endo	anti,~C3'-endo	anti,~C3'-endo	anti,~C3'-endo	anti,~C3'-endo	anti,~C3'-endo	G-A,tSH	G-C,cWW	-,-	-,-	-,-	basepair,-	basepair,-	-,-	1	RF00234	NR_all_35133.6
2ZZM	6	0.757	0.126	1.284	M111111	1.B.C.47.	1.B.G.47.A	1.B.U.47.B	1.B.A.47.C	1.B.G.47.D	1.B.G.47.E	C	G	U	A	G	G	M001111	1	1	1	1	1	LC	SM	SM	SM	LC	S	HC	HC	HC	HC	S	G,U,A,G	4	anti,~C3'-endo	anti,~C3'-endo	anti,~C3'-endo	anti,~C3'-endo	anti,~C3'-endo	anti,~C3'-endo	G-G,tSH	C-G,cWW	-,-	-,-	-,-	-,-	-,-	-,-	1	RF00005	NR_all_98075.1
359D	6	0.638	0.106	1.09	M111111	1.B.C.154.	1.B.G.31.L	1.B.U.32.L	1.B.A.33.L	1.B.A.34.L	1.B.G.164.	C	G	U	A	A	G	M001111	1	1	1	1	1	LC	SM	SM	SM	LC	S	HC	HC	HC	HC	S	G,U,A,A	4	anti,~C3'-endo	anti,~C3'-endo	anti,~C3'-endo	anti,~C3'-endo	anti,~C3'-endo	anti,~C3'-endo	G-A,tSH	C-G,cWW	-,-	-,-	-,-	-,-	-,-	-,-	1	-	NR_all_65028.2
3AM1	6	0.435	0.072	0.592	M111111	1.B.C.45.	1.B.G.46.	1.B.A.47.	1.B.G.48.	1.B.A.49.	1.B.G.50.	C	G	A	G	A	G	M111111	1	1	1	1	1	LC	SM	SM	SM	LC	S	HC	HC	HC	HC	S	G,A,G,A	4	anti,~C3'-endo	anti,~C3'-endo	anti,~C3'-endo	anti,NA	anti,~C3'-endo	anti,~C3'-endo	G-A,tSH	C-G,cWW	-,-	-,-	-,-	-,-	-,-	-,-	1	-	NR_all_13919.1
3CUL	6	0.871	0.145	1.074	M111111	1.C.C.7.	1.C.G.8.	1.C.A.9.	1.C.A.10.	1.C.A.11.	1.C.G.12.	C	G	A	A	A	G	M111000	1	1	1	1	1	LC	SM	SM	SM	LC	S	HC	HC	HC	HC	S	G,A,A,A	4	anti,~C3'-endo	anti,~C3'-endo	anti,~C3'-endo	anti,~C3'-endo	anti,~C3'-endo	anti,~C3'-endo	G-A,tSH	C-G,cWW	-,-	-,-	-,-	-,-	-,-	-,-	1	-	NR_all_49553.1
3D0U	6	0.862	0.144	1.299	M111111	1.A.C.142.	1.A.G.143.	1.A.A.144.	1.A.A.145.	1.A.A.146.	1.A.G.147.	C	G	A	A	A	G	M001111	1	1	1	1	1	LC	SM	SM	SM	LC	S	HC	HC	HC	HC	S	G,A,A,A	4	anti,~C3'-endo	anti,~C3'-endo	anti,~C3'-endo	anti,~C3'-endo	anti,~C3'-endo	anti,~C3'-endo	G-A,tSH	C-G,cWW	-,-	-,-	-,-	-,-	-,-	-,-	1	RF00168	NR_all_22479.1
3E5C	6	0.739	0.123	0.942	M111111	1.A.C.41.	1.A.G.42.	1.A.A.43.	1.A.A.44.	1.A.A.45.	1.A.G.46.	C	G	A	A	A	G	M001111	1	1	1	1	1	LC	SM	SM	SM	LC	S	HC	HC	HC	HC	S	G,A,A,A	4	anti,~C3'-endo	anti,~C3'-endo	anti,~C3'-endo	anti,~C3'-endo	anti,~C3'-endo	anti,~C3'-endo	G-A,tSH	C-G,cWW	-,-	-,-	-,-	-,-	-,-	-,-	1	-	NR_all_58167.1
3E5C	6	0.951	0.159	1.304	M111111	1.A.G.18.	1.A.G.19.	1.A.A.20.	1.A.A.21.	1.A.A.22.	1.A.C.23.	G	G	A	A	A	C	M111110	1	1	1	1	1	LC	SM	SM	SM	LC	S	HC	HC	HC	HC	S	G,A,A,A	4	anti,~C3'-endo	anti,~C3'-endo	anti,~C3'-endo	anti,~C3'-endo	anti,~C3'-endo	anti,~C3'-endo	G-A,tSH	G-C,cWW	-,-	-,-	-,-	-,-	-,-	-,-	1	-	NR_all_58167.1
3G9C	6	0.851	0.142	1.194	M111111	1.Q.G.108.	1.Q.G.109.	1.Q.U.110.	1.Q.G.111.	1.Q.A.112.	1.Q.C.113.	G	G	U	G	A	C	M000000	1	1	1	1	1	LC	SM	SM	SM	LC	S	HC	HC	HC	HC	S	G,U,G,A	4	anti,~C3'-endo	anti,~C3'-endo	anti,~C3'-endo	anti,~C3'-endo	anti,~C3'-endo	anti,~C3'-endo	G-A,tSH	G-C,cWW	-,-	-,-	-,-	basepair,-	basepair,-	-,-	1	RF00234	NR_all_08692.3
3IGI	6	0.871	0.145	1.234	M111111	1.A.G.89.	1.A.G.90.	1.A.C.91.	1.A.G.92.	1.A.A.93.	1.A.C.94.	G	G	C	G	A	C	M100000	1	1	1	1	1	LC	SM	SM	SM	LC	S	HC	HC	HC	HC	S	G,C,G,A	4	anti,~C3'-endo	anti,~C3'-endo	anti,~C3'-endo	anti,~C3'-endo	anti,~C3'-endo	anti,~C3'-endo	G-A,tSH	G-C,cWW	-,-	-,-	-,-	basepair,-	basepair,-	-,-	1	RF01998	NR_all_35054.6
3IGI	6	0.977	0.163	1.319	M111111	1.A.G.274.	1.A.G.275.	1.A.A.276.	1.A.A.277.	1.A.A.278.	1.A.C.279.	G	G	A	A	A	C	M001111	1	1	1	1	1	LC	SM	SM	SM	LC	S	HC	HC	HC	HC	S	G,A,A,A	4	anti,~C3'-endo	anti,~C3'-endo	anti,~C3'-endo	anti,~C3'-endo	anti,~C3'-endo	anti,~C3'-endo	G-A,tSH	G-C,cWW	-,-	-,-	-,-	-,-	-,-	-,-	1	RF01998	NR_all_35054.6
3IWN	6	0.398	0.066	0.498	M111111	1.A.C.21.	1.A.G.22.	1.A.A.23.	1.A.A.24.	1.A.A.25.	1.A.G.26.	C	G	A	A	A	G	M000000	1	1	1	1	1	LC	SM	SM	SM	LC	S	HC	HC	HC	HC	S	G,A,A,A	4	anti,~C3'-endo	anti,~C3'-endo	anti,NA	anti,~C3'-endo	anti,~C3'-endo	anti,~C3'-endo	G-A,tSH	C-G,cWW	-,-	-,-	-,stack	basepair,-	basepair,-	-,-	1	RF01051	NR_all_25458.1
3KTW	6	0.69	0.115	1.269	M111111	1.C.C.209.	1.C.G.210.	1.C.G.211.	1.C.A.212.	1.C.A.213.	1.C.G.214.	C	G	G	A	A	G	M000000	1	1	1	1	1	LC	SM	SM	SM	LC	S	HC	HC	HC	HC	S	G,G,A,A	4	anti,~C3'-endo	anti,~C3'-endo	anti,~C3'-endo	anti,~C3'-endo	anti,~C3'-endo	anti,~C3'-endo	G-A,tSH	C-G,cWW	-,-	-,-	-,stack	-,-	basepair,-	basepair,-	1	-	NR_all_32874.1
3LQX	6	0.564	0.094	0.961	M111111	1.B.C.153.	1.B.G.154.	1.B.A.155.	1.B.A.156.	1.B.A.157.	1.B.G.158.	C	G	A	A	A	G	M011111	1	1	1	1	1	LC	SM	SM	SM	LC	S	HC	HC	HC	HC	S	G,A,A,A	4	anti,~C3'-endo	anti,~C3'-endo	anti,~C3'-endo	anti,~C3'-endo	anti,~C3'-endo	anti,~C3'-endo	G-A,tSH	C-G,cWW	-,-	-,-	-,-	-,-	-,-	-,-	1	-	NR_all_27023.1
3MOJ	6	1.057	0.176	1.495	M111111	1.A.G.2529.	1.A.G.2530.	1.A.A.2531.	1.A.A.2532.	1.A.A.2533.	1.A.C.2534.	G	G	A	A	A	C	M001111	1	1	1	1	1	LC	SM	SM	SM	LC	S	HC	HC	HC	HC	S	G,A,A,A	4	anti,~C3'-endo	anti,~C3'-endo	anti,~C3'-endo	anti,~C3'-endo	anti,~C3'-endo	anti,~C3'-endo	G-A,tSH	G-C,cWW	-,-	-,-	-,-	-,-	-,-	-,-	1	RF02541	NR_all_88566.1
3MXH	6	0.374	0.062	0.513	M111111	1.R.C.31.	1.R.G.32.	1.R.A.33.	1.R.A.34.	1.R.A.35.	1.R.G.36.	C	G	A	A	A	G	M100000	1	1	1	1	1	LC	SM	SM	SM	LC	S	HC	HC	HC	HC	S	G,A,A,A	4	anti,~C3'-endo	anti,~C3'-endo	anti,~C3'-endo	anti,~C3'-endo	anti,~C3'-endo	anti,~C3'-endo	G-A,tSH	C-G,cWW	-,-	-,-	-,stack	-,-	basepair,-	-,-	1	RF01051	NR_all_12260.3
3NDB	6	0.598	0.1	1.097	M111111	1.M.C.208.	1.M.G.209.	1.M.G.210.	1.M.A.211.	1.M.A.212.	1.M.G.213.	C	G	G	A	A	G	M001010	1	1	1	1	1	LC	SM	SM	SM	LC	S	HC	HC	HC	HC	S	G,G,A,A	4	anti,~C3'-endo	anti,~C3'-endo	anti,~C3'-endo	anti,~C3'-endo	anti,~C3'-endo	anti,~C3'-endo	G-A,tSH	C-G,cWW	-,-	-,-	-,-	-,-	basepair,-	basepair,-	1	RF00169	NR_all_08831.2
3NKB	6	0.577	0.096	0.85	M111111	1.B.C.49.	1.B.G.50.	1.B.A.51.	1.B.A.52.	1.B.A.53.	1.B.G.54.	C	G	A	A	A	G	M111111	1	1	1	1	1	LC	SM	SM	SM	LC	S	HC	HC	HC	HC	S	G,A,A,A	4	anti,~C3'-endo	anti,~C3'-endo	anti,~C3'-endo	anti,~C3'-endo	anti,~C3'-endo	anti,~C3'-endo	G-A,tSH	C-G,cWW	-,-	-,-	-,-	-,-	-,-	-,-	1	-	NR_all_55424.1
3NMU	6	0.506	0.084	0.663	M111111	1.E.C.18.	1.E.G.19.	1.E.A.20.	1.E.A.21.	1.E.A.22.	1.E.G.23.	C	G	A	A	A	G	M000000	1	1	1	1	1	LC	SM	SM	SM	LC	S	HC	HC	HC	HC	S	G,A,A,A	4	anti,~C3'-endo	anti,~C3'-endo	anti,~C3'-endo	anti,~C3'-endo	anti,~C3'-endo	anti,~C3'-endo	G-A,tSH	C-G,cWW	-,-	-,-	-,-	-,-	-,-	-,-	1	-	NR_all_46231.1
3NPQ	6	0.736	0.123	1.213	M111111	1.A.C.20.	1.A.G.21.	1.A.A.22.	1.A.G.23.	1.A.A.24.	1.A.G.25.	C	G	A	G	A	G	M001111	1	1	1	1	1	LC	SM	SM	SM	LC	S	HC	HC	HC	HC	S	G,A,G,A	4	anti,~C3'-endo	anti,~C3'-endo	anti,~C3'-endo	anti,~C3'-endo	anti,~C3'-endo	anti,~C3'-endo	G-A,tSH	C-G,cWW	-,-	-,-	-,-	-,-	basepair,-	-,-	1	-	NR_all_83027.1
3NVI	6	0.45	0.075	0.789	M111111	1.F.C.9.	1.F.G.10.	1.F.A.11.	1.F.A.12.	1.F.A.13.	1.F.G.14.	C	G	A	A	A	G	M000000	1	1	1	1	1	LC	SM	SM	SM	LC	S	HC	HC	HC	HC	S	G,A,A,A	4	anti,~C3'-endo	anti,~C3'-endo	anti,~C3'-endo	anti,~C3'-endo	anti,~C3'-endo	anti,~C3'-endo	G-A,tSH	C-G,cWW	-,-	-,-	-,-	-,-	-,-	-,-	1	-	NR_all_50588.1
3P22	6	0.887	0.148	1.301	M111111	1.A.C.17.	1.A.G.18.	1.A.A.19.	1.A.A.20.	1.A.A.21.	1.A.G.22.	C	G	A	A	A	G	M001100	1	1	1	1	1	LC	SM	SM	SM	LC	S	HC	HC	HC	HC	S	G,A,A,A	4	anti,~C3'-endo	anti,~C3'-endo	anti,~C3'-endo	anti,~C3'-endo	anti,~C3'-endo	anti,~C3'-endo	G-A,tSH	C-G,cWW	-,-	-,-	basepair,-	basepair,-	basepair,-	basepair,-	1	-	NR_all_13014.1
3PDR	6	0.854	0.142	1.363	M111111	1.X.C.68.	1.X.C.69.	1.X.A.70.	1.X.A.71.	1.X.A.72.	1.X.G.73.	C	C	A	A	A	G	M110000	1	1	1	1	1	LC	SM	SM	SM	LC	S	HC	HC	HC	HC	S	C,A,A,A	4	anti,~C3'-endo	anti,~C3'-endo	anti,~C3'-endo	anti,~C3'-endo	anti,~C3'-endo	anti,~C3'-endo	C-A,tSH	C-G,cWW	basepair,-	-,-	-,stack	basepair,-	basepair,-	basepair,-	0	RF00380	NR_all_47162.1
3RG5	6	1.03	0.172	1.381	M111111	1.B.U.47.C	1.B.U.47.D	1.B.A.47.E	1.B.G.47.F	1.B.C.47.G	1.B.G.47.H	U	U	A	G	C	G	M001101	1	1	1	1	1	LC	SM	SM	SM	LC	S	HC	HC	HC	HC	S	U,A,G,C	4	anti,~C3'-endo	anti,~C3'-endo	anti,~C3'-endo	anti,~C3'-endo	anti,~C3'-endo	anti,~C3'-endo	U-C,tWH	U-G,cWW	-,-	-,-	-,-	-,-	-,-	-,-	0	RF01852	NR_all_57598.2
3RW6	6	1.09	0.182	1.512	M111111	1.H.G.27.	1.H.G.28.	1.H.A.29.	1.H.A.30.	1.H.A.31.	1.H.C.32.	G	G	A	A	A	C	M001110	1	1	1	1	1	LC	SM	SM	SM	LC	S	HC	HC	HC	HC	S	G,A,A,A	4	anti,~C3'-endo	anti,~C3'-endo	anti,~C3'-endo	anti,~C3'-endo	anti,~C3'-endo	anti,~C3'-endo	G-A,tSH	G-C,cWW	-,-	-,-	-,-	-,-	-,-	-,-	1	-	NR_all_76909.1
3SUX	6	0.602	0.1	0.79	M111111	1.X.C.65.	1.X.G.66.	1.X.A.67.	1.X.A.68.	1.X.A.69.	1.X.G.70.	C	G	A	A	A	G	M001110	1	1	1	1	1	LC	SM	SM	SM	LC	S	HC	HC	HC	HC	S	G,A,A,A	4	anti,~C3'-endo	anti,~C3'-endo	anti,~C3'-endo	anti,NA	anti,~C3'-endo	anti,~C3'-endo	G-A,tSH	C-G,cWW	-,-	-,-	-,-	-,-	-,-	-,-	1	RF01831	NR_all_20814.1
3V7E	6	1.012	0.169	1.359	M111111	1.C.G.105.	1.C.G.106.	1.C.A.107.	1.C.A.108.	1.C.A.109.	1.C.C.110.	G	G	A	A	A	C	M001111	1	1	1	1	1	LC	SM	SM	SM	LC	S	HC	HC	HC	HC	S	G,A,A,A	4	anti,~C3'-endo	anti,~C3'-endo	anti,~C3'-endo	anti,~C3'-endo	anti,~C3'-endo	anti,~C3'-endo	G-A,tSH	G-C,cWW	-,-	-,-	-,-	-,-	-,-	-,-	1	RF00162	NR_all_47433.1
3W3S	6	0.709	0.118	1.048	M111111	1.B.C.47.F	1.B.G.47.G	1.B.C.47.H	1.B.A.47.I	1.B.A.47.J	1.B.G.47.K	C	G	C	A	A	G	M001111	1	1	1	1	1	LC	SM	SM	SM	LC	S	HC	HC	HC	HC	S	G,C,A,A	4	anti,~C3'-endo	anti,~C3'-endo	anti,~C3'-endo	anti,~C3'-endo	anti,~C3'-endo	anti,~C3'-endo	G-A,tSH	C-G,cWW	-,-	-,-	-,-	-,-	-,-	-,-	1	RF01852	NR_all_44691.1
4AOB	6	0.91	0.152	1.279	M111111	1.A.G.73.	1.A.G.74.	1.A.A.75.	1.A.A.76.	1.A.A.77.	1.A.C.78.	G	G	A	A	A	C	M001111	1	1	1	1	1	SM	SM	SM	SM	SM	HC	HC	HC	HC	HC	HC	A,G,G,A,A,A,C,G	8	anti,~C3'-endo	anti,~C3'-endo	anti,~C3'-endo	anti,~C3'-endo	anti,~C3'-endo	anti,~C3'-endo	G-A,tSH	G-C,cWW	-,stack	-,-	-,-	-,-	-,-	-,-	1	RF00162	NR_all_29205.1
4AOB	6	0.934	0.156	1.282	M111111	1.A.A.49.	1.A.A.50.	1.A.A.51.	1.A.A.52.	1.A.A.53.	1.A.U.54.	A	A	A	A	A	U	M001000	1	1	1	1	1	LC	SM	SM	SM	LC	S	HC	HC	HC	HC	S	A,A,A,A	4	anti,~C3'-endo	anti,~C3'-endo	anti,~C3'-endo	anti,~C3'-endo	anti,~C3'-endo	anti,~C3'-endo	A-A,tSH	A-U,cWW	-,-	-,-	-,-	-,-	-,-	-,-	0	RF00162	NR_all_29205.1
4BW0	6	0.809	0.135	1.121	M111111	1.A.C.9.	1.A.G.10.	1.A.A.11.	1.A.A.12.	1.A.A.13.	1.A.G.14.	C	G	A	A	A	G	M011111	1	1	1	1	1	LC	SM	SM	SM	LC	S	HC	HC	HC	HC	S	G,A,A,A	4	anti,~C3'-endo	anti,~C3'-endo	anti,~C3'-endo	anti,~C3'-endo	anti,~C3'-endo	anti,~C3'-endo	G-A,tSH	C-G,cWW	-,-	-,-	-,-	-,-	-,-	-,-	1	-	NR_all_26836.2
4ENC	6	0.553	0.092	0.731	M111111	1.A.U.28.	1.A.G.29.	1.A.A.30.	1.A.A.31.	1.A.A.32.	1.A.A.33.	U	G	A	A	A	A	M001111	1	1	1	1	1	LC	SM	SM	SM	LC	S	HC	HC	HC	HC	S	G,A,A,A	4	anti,~C3'-endo	anti,~C3'-endo	anti,~C3'-endo	anti,~C3'-endo	anti,~C3'-endo	anti,~C3'-endo	G-A,tSH	U-A,cWW	-,-	-,-	-,-	-,-	-,-	-,-	1	RF01734	NR_all_82984.1
4FRG	6	0.674	0.112	0.823	M111111	1.B.C.46.	1.B.G.47.	1.B.A.48.	1.B.A.49.	1.B.A.50.	1.B.G.51.	C	G	A	A	A	G	M001111	1	1	1	1	1	LC	SM	SM	SM	LC	S	HC	HC	HC	HC	S	G,A,A,A	4	anti,~C3'-endo	anti,~C3'-endo	anti,~C3'-endo	anti,~C3'-endo	anti,~C3'-endo	anti,~C3'-endo	G-A,tSH	C-G,cWW	-,-	-,-	-,-	-,-	-,-	-,-	1	RF01689	NR_all_01779.1
4JF2	6	0.639	0.106	0.892	M111111	1.A.C.8.	1.A.G.9.	1.A.A.10.	1.A.A.11.	1.A.A.12.	1.A.G.13.	C	G	A	A	A	G	M001111	1	1	1	1	1	LC	SM	SM	SM	LC	S	HC	HC	HC	HC	S	G,A,A,A	4	anti,~C3'-endo	anti,~C3'-endo	anti,~C3'-endo	anti,~C3'-endo	anti,~C3'-endo	anti,~C3'-endo	G-A,tSH	C-G,cWW	-,-	-,-	-,-	-,-	-,-	-,-	1	-	NR_all_27306.1
4K27	6	0.744	0.124	1.223	M111111	1.U.U.26.	1.U.G.27.	1.U.A.28.	1.U.A.29.	1.U.A.30.	1.U.G.31.	U	G	A	A	A	G	M011111	1	1	1	1	1	LC	SM	SM	SM	LC	S	HC	HC	HC	HC	S	G,A,A,A	4	anti,~C3'-endo	anti,~C3'-endo	anti,~C3'-endo	anti,~C3'-endo	anti,~C3'-endo	anti,~C3'-endo	G-A,tSH	U-G,cWW	-,-	-,-	-,-	-,-	-,-	-,-	0	-	NR_all_26582.1
4K50	6	0.629	0.105	1.015	M111111	1.B.U.587.	1.B.G.588.	1.B.A.589.	1.B.A.590.	1.B.A.591.	1.B.G.592.	U	G	A	A	A	G	M000000	1	1	1	1	1	LC	SM	SM	SM	LC	S	HC	HC	HC	HC	S	G,A,A,A	4	anti,~C3'-endo	anti,~C3'-endo	anti,~C3'-endo	anti,~C3'-endo	anti,~C3'-endo	anti,~C3'-endo	G-A,tSH	U-G,cWW	-,-	-,-	-,-	-,-	-,-	-,-	1	-	NR_all_78245.1
4KQY	6	1.289	0.215	2.573	M111111	1.A.C.60.	1.A.G.61.	1.A.A.62.	1.A.A.63.	1.A.A.64.	1.A.G.65.	C	G	A	A	A	G	M001111	1	1	1	1	1	LC	SM	SM	SM	LC	S	HC	HC	HC	HC	S	G,A,A,A	4	anti,~C3'-endo	anti,~C3'-endo	anti,NA	anti,~C3'-endo	anti,~C3'-endo	anti,~C3'-endo	G-A,tSH	C-G,cWW	-,-	-,-	-,-	-,-	-,-	-,-	1	RF00162	NR_all_35479.1
4LCK	6	0.613	0.102	0.801	M111111	1.B.C.71.	1.B.G.72.	1.B.A.73.	1.B.A.74.	1.B.A.75.	1.B.G.76.	C	G	A	A	A	G	M001111	1	1	1	1	1	LC	SM	SM	SM	LC	S	HC	HC	HC	HC	S	G,A,A,A	4	anti,~C3'-endo	anti,~C3'-endo	anti,~C3'-endo	anti,~C3'-endo	anti,~C3'-endo	anti,~C3'-endo	G-A,tSH	C-G,cWW	-,-	-,-	-,-	-,-	-,-	-,-	1	RF00005	NR_all_67151.1
4LFB	6	0.494	0.082	1.036	M111111	1.A.C.379.	1.A.G.380.	1.A.C.381.	1.A.A.382.	1.A.A.383.	1.A.G.384.	C	G	C	A	A	G	M000000	1	1	1	1	1	LC	SM	SM	SM	LC	S	HC	HC	HC	HC	S	G,C,A,A	4	anti,~C3'-endo	anti,~C3'-endo	anti,~C3'-endo	anti,~C3'-endo	anti,~C3'-endo	anti,~C3'-endo	G-A,tSH	C-G,cWW	-,-	-,-	-,stack	-,-	-,-	-,-	1	RF02542	NR_all_65795.80
4LFB	6	0.603	0.1	0.699	M111111	1.A.C.1165.	1.A.G.1166.	1.A.A.1167.	1.A.A.1168.	1.A.A.1169.	1.A.G.1171.	C	G	A	A	A	G	M000000	1	1	1	1	1	LC	SM	SM	SM	LC	S	HC	HC	HC	HC	S	G,A,A,A	4	anti,~C3'-endo	anti,~C3'-endo	anti,~C3'-endo	anti,~C3'-endo	anti,~C3'-endo	anti,~C3'-endo	G-A,tSH	C-G,cWW	-,-	-,-	basepair,-	-,-	basepair,-	-,-	1	RF02542	NR_all_65795.80
4LFB	6	0.614	0.102	1.139	M111111	1.A.C.897.	1.A.G.898.	1.A.C.899.	1.A.A.900.	1.A.A.901.	1.A.G.902.	C	G	C	A	A	G	M000000	1	1	1	1	1	LC	SM	SM	SM	LC	S	HC	HC	HC	HC	S	G,C,A,A	4	anti,~C3'-endo	anti,~C3'-endo	anti,~C3'-endo	anti,~C3'-endo	anti,~C3'-endo	anti,~C3'-endo	G-A,tSH	C-G,cWW	-,-	-,-	basepair,-	basepair,-	-,-	-,-	1	RF02542	NR_all_65795.80
4LFB	6	0.844	0.141	1.367	M111111	1.A.U.296.	1.A.G.297.	1.A.A.298.	1.A.G.299.	1.A.A.300.	1.A.G.301.	U	G	A	G	A	G	M000000	1	1	1	1	1	LC	SM	SM	SM	LC	S	HC	HC	HC	HC	S	G,A,G,A	4	anti,~C3'-endo	anti,~C3'-endo	anti,~C3'-endo	anti,~C3'-endo	anti,~C3'-endo	anti,~C3'-endo	G-A,tSH	U-G,cWW	-,-	-,-	basepair,stack	basepair,-	basepair,-	-,-	1	RF02542	NR_all_65795.80
4LFB	6	0.868	0.145	1.392	M111111	1.A.C.1076.	1.A.G.1077.	1.A.U.1078.	1.A.G.1079.	1.A.A.1080.	1.A.G.1081.	C	G	U	G	A	G	M000000	1	1	1	1	1	LC	SM	SM	SM	LC	S	HC	HC	HC	HC	S	G,U,G,A	4	anti,~C3'-endo	anti,~C3'-endo	anti,~C3'-endo	anti,~C3'-endo	anti,~C3'-endo	anti,~C3'-endo	G-A,tSH	C-G,cWW	-,-	-,-	-,-	basepair,-	basepair,-	-,-	1	RF02542	NR_all_65795.80
4LFB	6	0.924	0.154	1.278	M111111	1.A.G.1265.	1.A.G.1266.	1.A.C.1267.	1.A.A.1268.	1.A.A.1269.	1.A.C.1270.	G	G	C	A	A	C	M000000	1	1	1	1	1	LC	SM	SM	SM	LC	S	HC	HC	HC	HC	S	G,C,A,A	4	anti,~C3'-endo	anti,~C3'-endo	anti,~C3'-endo	anti,~C3'-endo	anti,~C3'-endo	anti,~C3'-endo	G-A,tSH	G-C,cWW	-,-	-,-	-,-	basepair,-	basepair,-	-,-	1	RF02542	NR_all_65795.80
4LFB	6	0.926	0.154	1.374	M111111	1.A.G.158.	1.A.G.159.	1.A.A.160.	1.A.A.161.	1.A.A.162.	1.A.C.163.	G	G	A	A	A	C	M000000	1	1	1	1	1	LC	SM	SM	SM	LC	S	HC	HC	HC	HC	S	G,A,A,A	4	anti,~C3'-endo	anti,~C3'-endo	anti,~C3'-endo	anti,~C3'-endo	anti,~C3'-endo	anti,~C3'-endo	G-A,tSH	G-C,cWW	-,-	-,-	basepair,stack	-,-	-,-	-,-	1	RF02542	NR_all_65795.80
4LFB	6	0.957	0.16	1.29	M111111	1.A.C.862.	1.A.U.863.	1.A.A.864.	1.A.A.865.	1.A.C.866.	1.A.G.867.	C	U	A	A	C	G	M000000	1	1	1	1	1	LC	SM	LC	SM	NR	SJP	HPJP	HPJP	SHP	SHP	S	-	0	anti,~C3'-endo	anti,~C3'-endo	anti,~C3'-endo	anti,~C3'-endo	anti,~C3'-endo	anti,~C3'-endo	U-C,tSH	C-G,cWW	-,-	-,-	basepair,stack	basepair,-	basepair,-	basepair,-	0	RF02542	NR_all_65795.80
4LFB	6	1.142	0.19	1.525	M111111	1.A.U.1012.	1.A.G.1013.	1.A.A.1014.	1.A.A.1015.	1.A.A.1016.	1.A.G.1017.	U	G	A	A	A	G	M000000	1	1	1	1	1	LC	SM	SM	SM	LC	S	HC	HC	HC	HC	S	G,A,A,A	4	anti,~C3'-endo	anti,~C3'-endo	anti,~C3'-endo	anti,~C3'-endo	anti,~C3'-endo	anti,~C3'-endo	G-A,tSH	U-G,cWW	-,-	-,-	-,stack	-,-	basepair,-	-,-	1	RF02542	NR_all_65795.80
4LVW	6	0.749	0.125	1.235	M111111	1.A.C.58.	1.A.G.59.	1.A.A.60.	1.A.G.61.	1.A.A.62.	1.A.G.63.	C	G	A	G	A	G	M111111	1	1	1	1	1	LC	SM	SM	SM	LC	S	HC	HC	HC	HC	S	G,A,G,A	4	anti,~C3'-endo	anti,~C3'-endo	anti,~C3'-endo	anti,~C3'-endo	anti,~C3'-endo	anti,~C3'-endo	G-A,tWH	C-G,cWW	-,-	-,-	-,-	-,-	-,-	-,-	1	RF01831	NR_all_78797.5
4NLF	6	0.352	0.059	0.488	M111111	1.A.C.2658.	1.A.G.2659.	1.A.A.2660.	1.A.G.2661.	1.A.A.2662.	1.A.G.2663.	C	G	A	G	A	G	M111111	1	1	1	1	1	SM	SM	SM	SM	SM	HC	HC	HC	HC	HC	HC	U,A,G,U,A,C,G,A,G,A,G,G,A,C,6FC	15	anti,~C3'-endo	anti,~C3'-endo	anti,~C3'-endo	anti,~C3'-endo	anti,~C3'-endo	anti,~C3'-endo	G-A,tSH	C-G,cWW	-,stack	-,-	-,-	-,-	-,-	-,stack	1	-	NR_all_94729.10
4OQU	6	0.769	0.128	1.312	M111111	1.A.G.13.	1.A.G.14.	1.A.A.15.	1.A.G.16.	1.A.A.17.	1.A.C.18.	G	G	A	G	A	C	M001000	1	1	1	1	1	LC	SM	SM	SM	LC	S	HC	HC	HC	HC	S	G,A,G,A	4	anti,~C3'-endo	anti,~C3'-endo	anti,~C3'-endo	anti,~C3'-endo	anti,~C3'-endo	anti,~C3'-endo	G-A,tSH	G-C,cWW	-,-	-,-	-,-	-,-	-,-	-,-	1	RF01725	NR_all_12869.1
4OQU	6	0.915	0.152	1.267	M111111	1.A.G.57.	1.A.G.58.	1.A.A.59.	1.A.G.60.	1.A.A.61.	1.A.C.62.	G	G	A	G	A	C	M001111	1	1	1	1	1	LC	SM	SM	SM	LC	S	HC	HC	HC	HC	S	G,A,G,A	4	anti,~C3'-endo	anti,~C3'-endo	anti,~C3'-endo	anti,~C3'-endo	anti,~C3'-endo	anti,~C3'-endo	G-A,tSH	G-C,cWW	-,-	-,-	-,-	-,-	-,-	-,-	1	RF01725	NR_all_12869.1
4PCJ	6	0.753	0.126	1.229	M111111	1.A.U.16.	1.A.G.17.	1.A.A.18.	1.A.A.19.	1.A.A.20.	1.A.G.21.	U	G	A	A	A	G	M001111	1	1	1	1	1	LC	SM	SM	SM	LC	S	HC	HC	HC	HC	S	G,A,A,A	4	anti,~C3'-endo	anti,~C3'-endo	anti,~C3'-endo	anti,~C3'-endo	anti,~C3'-endo	anti,~C3'-endo	G-A,tSH	U-G,cWW	-,-	-,-	-,-	-,-	-,-	-,-	1	-	NR_all_52610.1
4PLX	6	0.596	0.099	0.847	M111111	1.A.C.24.	1.A.G.25.	1.A.A.26.	1.A.A.27.	1.A.A.28.	1.A.G.29.	C	G	A	A	A	G	M001100	1	1	1	1	1	LC	SM	SM	SM	LC	S	HC	HC	HC	HC	S	G,A,A,A	4	anti,~C3'-endo	anti,~C3'-endo	anti,~C3'-endo	anti,~C3'-endo	anti,~C3'-endo	anti,~C3'-endo	G-A,tSH	C-G,cWW	-,-	-,-	-,-	-,-	basepair,-	-,-	1	-	NR_all_37008.1
4PQV	6	0.836	0.139	1.391	M111111	1.A.C.13.	1.A.G.14.	1.A.A.15.	1.A.A.16.	1.A.A.17.	1.A.G.18.	C	G	A	A	A	G	M001111	1	1	1	1	1	LC	SM	SM	SM	LC	S	HC	HC	HC	HC	S	G,A,A,A	4	anti,~C3'-endo	anti,~C3'-endo	anti,~C3'-endo	anti,~C3'-endo	anti,~C3'-endo	anti,~C3'-endo	G-A,tWH	C-G,cWW	-,-	-,-	-,-	-,-	-,-	-,-	1	RF01415	NR_all_72021.1
4QK9	6	0.734	0.122	1.142	M111111	1.A.C.56.	1.A.G.57.	1.A.U.58.	1.A.A.59.	1.A.A.60.	1.A.G.61.	C	G	U	A	A	G	M001111	1	1	1	1	1	LC	SM	SM	SM	LC	S	HC	HC	HC	HC	S	G,U,A,A	4	anti,~C3'-endo	anti,~C3'-endo	anti,~C3'-endo	anti,~C3'-endo	anti,~C3'-endo	anti,~C3'-endo	G-A,tSH	C-G,cWW	-,-	-,-	-,-	-,-	-,-	-,-	1	RF00379	NR_all_91474.1
4QK9	6	1.155	0.193	1.999	M111111	1.A.C.14.	1.A.U.15.	1.A.G.16.	1.A.A.17.	1.A.A.18.	1.A.G.19.	C	U	G	A	A	G	M110000	1	1	1	1	1	LC	SM	SM	SM	LC	S	HC	HC	HC	HC	S	U,G,A,A	4	anti,~C3'-endo	anti,~C3'-endo	anti,~C3'-endo	anti,~C3'-endo	anti,~C3'-endo	anti,~C3'-endo	-	C-G,cWW	-,-	-,-	-,-	-,-	-,-	-,-	0	RF00379	NR_all_91474.1
4R4V	6	0.54	0.09	0.936	M111111	1.A.C.735.	1.A.G.736.	1.A.U.737.	1.A.A.738.	1.A.A.739.	1.A.G.740.	C	G	U	A	A	G	M000111	1	1	1	1	1	LC	SM	SM	SM	LC	S	HC	HC	HC	HC	S	G,U,A,A	4	anti,~C3'-endo	anti,~C3'-endo	anti,~C3'-endo	anti,~C3'-endo	anti,~C3'-endo	anti,~C3'-endo	G-A,tSH	C-G,cWW	-,-	-,-	-,-	-,-	-,-	-,-	1	-	NR_all_33922.2
4RUM	6	0.579	0.096	0.869	M111111	1.A.C.51.	1.A.G.52.	1.A.A.53.	1.A.A.54.	1.A.A.55.	1.A.G.56.	C	G	A	A	A	G	M111111	1	1	1	1	1	LC	SM	SM	SM	LC	S	HC	HC	HC	HC	S	G,A,A,A	4	anti,~C3'-endo	anti,~C3'-endo	anti,~C3'-endo	anti,~C3'-endo	anti,~C3'-endo	anti,~C3'-endo	G-A,tSH	C-G,cWW	-,-	-,-	-,-	-,-	-,-	-,-	1	RF02683	NR_all_88154.1
4V88	6	0.603	0.1	1.149	M111111	1.A6.C.1121.	1.A6.G.1122.	1.A6.C.1123.	1.A6.A.1124.	1.A6.A.1125.	1.A6.G.1126.	C	G	C	A	A	G	M000000	1	1	1	1	1	LC	SM	SM	SM	LC	S	HC	HC	HC	HC	S	G,C,A,A	4	anti,~C3'-endo	anti,~C3'-endo	anti,~C3'-endo	anti,~C3'-endo	anti,~C3'-endo	anti,~C3'-endo	G-A,tSH	C-G,cWW	-,-	-,-	basepair,-	basepair,-	-,-	-,-	1	RF02542	NR_all_03510.64
4V88	6	0.866	0.144	1.138	M111111	1.A6.A.1084.	1.A6.G.1085.	1.A6.A.1086.	1.A6.A.1087.	1.A6.A.1088.	1.A6.U.1089.	A	G	A	A	A	U	M000000	1	1	1	1	1	LC	SM	LC	SM	NR	SJP	HPJP	HPJP	SHP	SHP	S	-	0	anti,~C3'-endo	anti,~C3'-endo	anti,~C3'-endo	anti,~C3'-endo	anti,~C3'-endo	anti,~C3'-endo	G-A,tSH	A-U,cWW	-,-	-,-	basepair,stack	basepair,-	basepair,-	basepair,-	1	RF02542	NR_all_03510.64
4V88	6	0.908	0.151	1.161	M111111	1.A6.A.1296.	1.A6.G.1297.	1.A6.U.1298.	1.A6.G.1299.	1.A6.A.1300.	1.A6.U.1301.	A	G	U	G	A	U	M000000	1	1	1	1	1	LC	SM	SM	SM	LC	S	HC	HC	HC	HC	S	G,U,G,A	4	anti,~C3'-endo	anti,~C3'-endo	anti,~C3'-endo	anti,~C3'-endo	anti,~C3'-endo	anti,~C3'-endo	G-A,tSH	A-U,cWW	-,-	-,-	-,-	basepair,-	basepair,-	-,-	1	RF02542	NR_all_03510.64
4V88	6	1.11	0.185	2.379	M111111	1.A6.C.1501.	1.A6.G.1502.	1.A6.A.1503.	1.A6.G.1504.	1.A6.A.1505.	1.A6.G.1506.	C	G	A	G	A	G	M000000	1	1	1	1	1	LC	SM	SM	SM	LC	S	HC	HC	HC	HC	S	G,A,G,A	4	anti,~C3'-endo	anti,~C3'-endo	syn,~C3'-endo	anti,~C3'-endo	anti,~C3'-endo	anti,~C3'-endo	G-A,tSH	C-G,cWW	-,-	-,-	-,stack	basepair,-	basepair,-	-,-	1	RF02542	NR_all_03510.64
4V88	6	1.368	0.228	2.111	M111111	1.A6.U.1396.	1.A6.U.1397.	1.A6.U.1398.	1.A6.A.1400.	1.A6.A.1401.	1.A6.G.1402.	U	U	U	A	A	G	M000000	1	1	2	1	1	LC	SM	SM	SM	LC	S	HC	HC	HC	HC	S	U,U,C,A,A	5	anti,~C3'-endo	anti,~C3'-endo	syn,~C2'-endo	anti,~C3'-endo	anti,~C3'-endo	anti,~C3'-endo	U-A,tWH	U-G,cWW	-,-	-,-	basepair,-	-,-	basepair,-	-,-	0	RF02542	NR_all_03510.64
4V9F	6	0.339	0.057	0.602	M111111	1.0.C.804.	1.0.G.805.	1.0.A.806.	1.0.A.807.	1.0.A.808.	1.0.G.809.	C	G	A	A	A	G	M000000	1	1	1	1	1	LC	SM	SM	SM	LC	S	HC	HC	HC	HC	S	G,A,A,A	4	anti,~C3'-endo	anti,~C3'-endo	anti,~C3'-endo	anti,~C3'-endo	anti,~C3'-endo	anti,~C3'-endo	G-A,tSH	C-G,cWW	-,-	-,-	-,-	-,-	-,-	-,-	1	RF02541	NR_all_26150.3
4V9F	6	0.395	0.066	0.578	M111111	1.0.C.2248.	1.0.G.2249.	1.0.G.2250.	1.0.G.2251.	1.0.A.2252.	1.0.G.2253.	C	G	G	G	A	G	M000000	1	1	1	1	1	LC	SM	SM	SM	LC	S	HC	HC	HC	HC	S	G,G,G,A	4	anti,~C3'-endo	anti,~C3'-endo	anti,~C3'-endo	anti,~C3'-endo	anti,~C3'-endo	anti,~C3'-endo	G-A,tSH	C-G,cWW	-,-	-,-	-,-	-,-	-,-	-,-	1	RF02541	NR_all_26150.3
4V9F	6	0.449	0.075	0.934	M111111	1.9.C.89.	1.9.G.90.	1.9.C.91.	1.9.G.92.	1.9.A.93.	1.9.G.94.	C	G	C	G	A	G	M000000	1	1	1	1	1	LC	SM	SM	SM	LC	S	HC	HC	HC	HC	S	G,C,G,A	4	anti,~C3'-endo	anti,~C3'-endo	anti,~C3'-endo	anti,~C3'-endo	anti,~C3'-endo	anti,~C3'-endo	G-A,tSH	C-G,cWW	-,-	-,-	-,-	-,-	-,-	-,-	1	RF00001	NR_all_25303.3
4V9F	6	0.531	0.089	0.945	M111111	1.0.C.2411.	1.0.G.2412.	1.0.A.2413.	1.0.A.2414.	1.0.A.2415.	1.0.G.2416.	C	G	A	A	A	G	M000000	1	1	1	1	1	LC	SM	SM	SM	LC	S	HC	HC	HC	HC	S	G,A,A,A	4	anti,~C3'-endo	anti,~C3'-endo	anti,~C3'-endo	anti,~C3'-endo	anti,~C3'-endo	anti,~C3'-endo	G-A,tSH	C-G,cWW	-,-	-,-	-,-	-,-	-,-	-,-	1	RF02541	NR_all_26150.3
4V9F	6	0.606	0.101	1.058	M111111	1.0.C.2695.	1.0.G.2696.	1.0.A.2697.	1.0.G.2698.	1.0.A.2699.	1.0.G.2700.	C	G	A	G	A	G	M000000	1	1	1	1	1	SM	SM	SM	SM	SM	HC	HC	HC	HC	HC	HC	U,A,G,U,A,C,G,A,G,A,G,G,A,A,C	15	anti,~C3'-endo	anti,~C3'-endo	anti,~C3'-endo	anti,~C3'-endo	anti,~C3'-endo	anti,~C3'-endo	G-A,tSH	C-G,cWW	basepair,stack	-,-	-,-	-,-	basepair,-	basepair,stack	1	RF02541	NR_all_26150.3
4V9F	6	0.616	0.103	1.136	M111111	1.0.C.1862.	1.0.G.1863.	1.0.C.1864.	1.0.A.1865.	1.0.A.1866.	1.0.G.1867.	C	G	C	A	A	G	M000000	1	1	1	1	1	LC	SM	SM	SM	LC	S	HC	HC	HC	HC	S	G,C,A,A	4	anti,~C3'-endo	anti,~C3'-endo	anti,~C3'-endo	anti,~C3'-endo	anti,~C3'-endo	anti,~C3'-endo	G-A,tSH	C-G,cWW	-,-	-,-	-,-	-,-	basepair,stack	-,-	1	RF02541	NR_all_26150.3
4V9F	6	0.652	0.109	0.983	M111111	1.0.C.1793.	1.0.G.1794.	1.0.G.1795.	1.0.A.1796.	1.0.A.1797.	1.0.G.1799.	C	G	G	A	A	G	M000000	1	1	1	1	2	LC	SM	SM	SM	LC	S	HC	HC	HC	HC	S	G,G,A,A,C	5	anti,~C3'-endo	anti,~C3'-endo	anti,~C3'-endo	anti,~C3'-endo	anti,~C3'-endo	anti,~C3'-endo	G-A,tSH	C-G,cWW	-,-	-,-	-,-	-,-	-,-	-,-	1	RF02541	NR_all_26150.3
4V9F	6	0.747	0.124	1.085	M111111	1.0.C.2629.	1.0.G.2630.	1.0.U.2631.	1.0.G.2632.	1.0.A.2633.	1.0.G.2634.	C	G	U	G	A	G	M000000	1	1	1	1	1	LC	SM	SM	SM	LC	S	HC	HC	HC	HC	S	G,U,G,A	4	anti,~C3'-endo	anti,~C3'-endo	anti,~C3'-endo	anti,~C3'-endo	anti,~C3'-endo	anti,~C3'-endo	G-A,tSH	C-G,cWW	-,-	-,-	-,stack	basepair,-	basepair,-	-,-	1	RF02541	NR_all_26150.3
4V9F	6	0.772	0.129	1.132	M111111	1.0.U.468.	1.0.G.469.	1.0.U.470.	1.0.G.471.	1.0.A.472.	1.0.A.473.	U	G	U	G	A	A	M000000	1	1	1	1	1	LC	SM	SM	SM	LC	S	HC	HC	HC	HC	S	G,U,G,A	4	anti,~C3'-endo	anti,~C3'-endo	anti,~C3'-endo	anti,~C3'-endo	anti,~C3'-endo	anti,~C3'-endo	G-A,tSH	U-A,cWW	-,-	-,-	-,stack	basepair,-	basepair,-	-,-	1	RF02541	NR_all_26150.3
4V9F	6	0.792	0.132	1.193	M111111	1.0.C.576.	1.0.G.577.	1.0.C.578.	1.0.G.579.	1.0.A.580.	1.0.G.581.	C	G	C	G	A	G	M000000	1	1	1	1	1	LC	SM	SM	SM	LC	S	HC	HC	HC	HC	S	G,C,G,A	4	anti,~C3'-endo	anti,~C3'-endo	anti,~C3'-endo	anti,~C3'-endo	anti,~C3'-endo	anti,~C3'-endo	G-A,tSH	C-G,cWW	-,-	-,-	-,-	basepair,-	basepair,-	-,-	1	RF02541	NR_all_26150.3
4V9F	6	0.815	0.136	1.173	M111111	1.0.G.1628.	1.0.G.1629.	1.0.A.1630.	1.0.A.1631.	1.0.A.1632.	1.0.C.1633.	G	G	A	A	A	C	M000000	1	1	1	1	1	SM	SM	SM	SM	SM	JCJP	JCJP	JCJP	JCJP	JCJP	JCJP	-	0	anti,~C3'-endo	anti,~C3'-endo	anti,~C3'-endo	anti,~C3'-endo	anti,~C3'-endo	anti,~C3'-endo	G-A,tSH	G-C,cWW	-,stack	-,-	-,-	basepair,-	basepair,-	-,-	1	RF02541	NR_all_26150.3
4V9F	6	0.908	0.151	1.264	M111111	1.0.G.690.	1.0.G.691.	1.0.A.692.	1.0.A.693.	1.0.A.694.	1.0.C.695.	G	G	A	A	A	C	M000000	1	1	1	1	1	LC	SM	SM	SM	LC	S	HC	HC	HC	HC	S	G,A,A,A	4	anti,~C3'-endo	anti,~C3'-endo	anti,~C3'-endo	anti,~C3'-endo	anti,~C3'-endo	anti,~C3'-endo	G-A,tSH	G-C,cWW	-,-	-,-	basepair,stack	-,-	-,-	-,-	1	RF02541	NR_all_26150.3
4V9F	6	0.982	0.164	1.295	M111111	1.0.C.252.	1.0.U.253.	1.0.C.254.	1.0.A.255.	1.0.C.256.	1.0.G.257.	C	U	C	A	C	G	M000000	1	1	1	1	1	LC	SM	SM	SM	LC	S	HC	HC	HC	HC	S	U,C,A,C	4	anti,~C3'-endo	anti,~C3'-endo	anti,~C3'-endo	anti,~C3'-endo	anti,~C3'-endo	anti,~C3'-endo	U-C,tWH	C-G,cWW	-,-	-,-	-,-	-,-	-,-	-,-	0	RF02541	NR_all_26150.3
4V9F	6	1.009	0.168	1.367	M111111	1.0.C.1326.	1.0.G.1327.	1.0.A.1328.	1.0.G.1329.	1.0.A.1330.	1.0.G.1331.	C	G	A	G	A	G	M000000	1	1	1	1	1	LC	SM	SM	SM	LC	S	HC	HC	HC	HC	S	G,A,G,A	4	anti,~C3'-endo	anti,~C3'-endo	anti,~C3'-endo	anti,~C3'-endo	anti,~C3'-endo	anti,~C3'-endo	G-A,tSH	C-G,cWW	-,-	-,-	-,-	basepair,stack	basepair,-	-,-	1	RF02541	NR_all_26150.3
4V9F	6	1.027	0.171	1.374	M111111	1.0.G.1054.	1.0.G.1055.	1.0.U.1056.	1.0.A.1057.	1.0.A.1058.	1.0.C.1060.	G	G	U	A	A	C	M000000	1	1	1	1	2	LC	SM	SM	SM	LC	S	HC	HC	HC	HC	S	G,U,A,A,G	5	anti,~C3'-endo	anti,~C3'-endo	anti,~C3'-endo	anti,~C3'-endo	anti,~C3'-endo	anti,~C3'-endo	G-A,tSH	G-C,cWW	basepair,-	-,-	basepair,-	basepair,-	basepair,-	-,-	1	RF02541	NR_all_26150.3
4V9F	6	1.044	0.174	1.304	M111111	1.0.G.2876.	1.0.G.2877.	1.0.U.2878.	1.0.A.2879.	1.0.A.2880.	1.0.C.2881.	G	G	U	A	A	C	M000000	1	1	1	1	1	SM	SM	SM	SM	SM	HC	HC	HC	HC	HC	HC	G,A,G,G,U,A,A,C,G,A	10	anti,~C3'-endo	anti,~C3'-endo	anti,~C3'-endo	anti,~C3'-endo	anti,~C3'-endo	anti,~C3'-endo	G-A,tSH	G-C,cWW	-,stack	-,-	-,-	-,-	-,-	-,stack	1	RF02541	NR_all_26150.3
4W90	6	0.688	0.115	0.918	M111111	1.C.C.82.	1.C.G.83.	1.C.A.84.	1.C.A.85.	1.C.A.86.	1.C.G.87.	C	G	A	A	A	G	M000111	1	1	1	1	1	LC	SM	SM	SM	LC	S	HC	HC	HC	HC	S	G,A,A,A	4	anti,~C3'-endo	anti,~C3'-endo	anti,~C3'-endo	anti,~C2'-endo	anti,~C3'-endo	anti,~C3'-endo	G-A,tSH	C-G,cWW	-,-	-,-	-,-	-,-	-,-	-,-	0	RF00379	NR_all_00626.1
4WF9	6	0.445	0.074	0.695	M111111	1.X.C.2401.	1.X.G.2402.	1.X.A.2403.	1.X.A.2404.	1.X.A.2405.	1.X.G.2406.	C	G	A	A	A	G	M000000	1	1	1	1	1	LC	SM	SM	SM	LC	S	HC	HC	HC	HC	S	G,A,A,A	4	anti,~C3'-endo	anti,~C3'-endo	anti,~C3'-endo	anti,~C3'-endo	anti,~C3'-endo	anti,~C3'-endo	G-A,tSH	C-G,cWW	-,-	-,-	-,stack	-,-	-,-	-,-	1	RF02541	NR_all_90633.23
4WF9	6	0.487	0.081	0.785	M111111	1.X.C.674.	1.X.G.675.	1.X.A.676.	1.X.A.677.	1.X.A.678.	1.X.G.679.	C	G	A	A	A	G	M000000	1	1	1	1	1	LC	SM	SM	SM	LC	S	HC	HC	HC	HC	S	G,A,A,A	4	anti,~C3'-endo	anti,~C3'-endo	anti,~C3'-endo	anti,~C3'-endo	anti,~C3'-endo	anti,~C3'-endo	G-A,tSH	C-G,cWW	-,-	-,-	basepair,-	-,-	-,-	-,-	1	RF02541	NR_all_90633.23
4WF9	6	0.588	0.098	0.82	M111111	1.X.C.2685.	1.X.G.2686.	1.X.A.2687.	1.X.G.2688.	1.X.A.2689.	1.X.G.2690.	C	G	A	G	A	G	M000000	1	1	1	1	1	SM	SM	SM	SM	SM	HC	HC	HC	HC	HC	HC	U,A,G,U,A,C,G,A,G,A,G,G,A,C,C	15	anti,~C3'-endo	anti,~C3'-endo	anti,~C3'-endo	anti,~C3'-endo	anti,~C3'-endo	anti,~C3'-endo	G-A,tSH	C-G,cWW	-,stack	-,-	-,-	-,-	basepair,-	basepair,stack	0	RF02541	NR_all_90633.23
4WF9	6	0.718	0.12	0.998	M111111	1.X.C.508.	1.X.G.509.	1.X.U.510.	1.X.G.511.	1.X.A.512.	1.X.G.513.	C	G	U	G	A	G	M000000	1	1	1	1	1	LC	SM	SM	SM	LC	S	HC	HC	HC	HC	S	G,U,G,A	4	anti,~C3'-endo	anti,~C3'-endo	anti,~C3'-endo	anti,~C3'-endo	anti,~C3'-endo	anti,~C3'-endo	G-A,tSH	C-G,cWW	-,-	-,-	-,stack	basepair,-	basepair,-	-,-	1	RF02541	NR_all_90633.23
4WF9	6	0.796	0.133	1.072	M111111	1.X.U.999.	1.X.G.1000.	1.X.A.1001.	1.X.A.1003.	1.X.A.1004.	1.X.G.1006.	U	G	A	A	A	G	M000000	1	1	2	1	2	LC	SM	SM	SM	LC	S	HC	HC	HC	HC	S	G,A,U,A,A,G	6	anti,~C3'-endo	anti,~C3'-endo	anti,~C2'-endo	anti,~C3'-endo	anti,~C3'-endo	anti,~C3'-endo	G-A,tSH	U-G,cWW	-,-	-,-	-,-	basepair,-	basepair,-	basepair,-	0	RF02541	NR_all_90633.23
4WF9	6	0.804	0.134	1.241	M111111	1.X.C.533.	1.X.G.534.	1.X.G.535.	1.X.A.536.	1.X.A.537.	1.X.G.538.	C	G	G	A	A	G	M000000	1	1	1	1	1	LC	SM	SM	SM	LC	S	HC	HC	HC	HC	S	G,G,A,A	4	anti,~C3'-endo	anti,~C3'-endo	anti,~C3'-endo	anti,~C3'-endo	anti,~C3'-endo	anti,~C3'-endo	G-A,tSH	C-G,cWW	-,-	-,-	-,stack	-,-	-,-	-,-	1	RF02541	NR_all_90633.23
4WF9	6	0.836	0.139	1.081	M111111	1.X.C.2621.	1.X.G.2622.	1.X.U.2623.	1.X.G.2624.	1.X.A.2625.	1.X.G.2626.	C	G	U	G	A	G	M000000	1	1	1	1	1	LC	SM	SM	SM	LC	S	HC	HC	HC	HC	S	G,U,G,A	4	anti,~C3'-endo	anti,~C3'-endo	anti,~C3'-endo	anti,~C3'-endo	anti,~C3'-endo	anti,~C3'-endo	G-A,tSH	C-G,cWW	-,-	-,-	-,stack	basepair,-	basepair,-	-,-	1	RF02541	NR_all_90633.23
4WF9	6	0.947	0.158	1.297	M111111	1.X.G.2876.	1.X.G.2877.	1.X.U.2878.	1.X.G.2879.	1.X.A.2880.	1.X.C.2881.	G	G	U	G	A	C	M000000	1	1	1	1	1	LC	SM	SM	SM	LC	S	HC	HC	HC	HC	S	G,U,G,A	4	anti,~C3'-endo	anti,~C3'-endo	anti,~C3'-endo	anti,~C3'-endo	anti,~C3'-endo	anti,~C3'-endo	G-A,tWH	G-C,cWW	-,-	-,-	-,-	basepair,-	basepair,-	-,-	1	RF02541	NR_all_90633.23
4WFL	6	0.876	0.146	1.165	M111111	1.A.G.81.	1.A.G.82.	1.A.U.83.	1.A.A.84.	1.A.A.85.	1.A.C.86.	G	G	U	A	A	C	M001111	1	1	1	1	1	LC	SM	SM	SM	LC	S	HC	HC	HC	HC	S	G,U,A,A	4	anti,~C3'-endo	anti,~C3'-endo	anti,~C3'-endo	anti,~C3'-endo	anti,~C3'-endo	anti,~C3'-endo	G-A,tSH	G-C,cWW	-,-	-,-	-,-	-,-	-,-	-,-	1	RF01854	NR_all_27096.1
4Y1M	6	0.407	0.068	0.55	M111111	1.B.C.24.	1.B.G.25.	1.B.A.26.	1.B.A.27.	1.B.A.28.	1.B.G.29.	C	G	A	A	A	G	M111110	1	1	1	1	1	LC	SM	SM	SM	LC	S	HC	HC	HC	HC	S	G,A,A,A	4	anti,~C3'-endo	anti,~C3'-endo	anti,~C3'-endo	anti,~C3'-endo	anti,~C3'-endo	anti,~C3'-endo	G-A,tSH	C-G,cWW	-,-	-,-	-,-	-,-	-,-	-,-	1	-	NR_all_83641.1
4Y1M	6	0.521	0.087	0.694	M111111	1.B.U.55.	1.B.G.56.	1.B.A.57.	1.B.A.58.	1.B.A.59.	1.B.A.60.	U	G	A	A	A	A	M001000	1	1	1	1	1	LC	SM	SM	SM	LC	S	HC	HC	HC	HC	S	G,A,A,A	4	anti,~C3'-endo	anti,~C3'-endo	anti,~C3'-endo	anti,~C3'-endo	anti,~C3'-endo	anti,~C3'-endo	G-A,tSH	U-A,cWW	-,-	-,-	-,-	-,-	-,-	-,-	1	-	NR_all_83641.1
4Y1M	6	0.939	0.157	1.299	M111111	1.B.A.81.	1.B.G.82.	1.B.A.83.	1.B.A.84.	1.B.A.85.	1.B.U.86.	A	G	A	A	A	U	M001111	1	1	1	1	1	LC	SM	SM	SM	LC	S	HC	HC	HC	HC	S	G,A,A,A	4	anti,~C3'-endo	anti,~C3'-endo	anti,~C3'-endo	anti,~C3'-endo	anti,~C3'-endo	anti,~C3'-endo	G-A,tSH	A-U,cWW	-,-	-,-	-,-	-,-	-,-	-,-	1	-	NR_all_83641.1
4YAZ	6	0.78	0.13	1.105	M111111	1.R.C.25.	1.R.G.26.	1.R.C.27.	1.R.G.28.	1.R.A.29.	1.R.G.30.	C	G	C	G	A	G	M001000	1	1	1	1	1	LC	SM	SM	SM	LC	S	HC	HC	HC	HC	S	G,C,G,A	4	anti,~C3'-endo	anti,~C3'-endo	anti,~C3'-endo	anti,~C3'-endo	anti,~C3'-endo	anti,~C3'-endo	G-A,tSH	C-G,cWW	-,-	-,-	-,stack	basepair,-	basepair,-	-,-	1	RF01051	NR_all_31480.1
4ZT0	6	1.067	0.178	1.41	M111111	1.D.A.32.	1.D.G.33.	1.D.A.34.	1.D.A.35.	1.D.A.36.	1.D.U.37.	A	G	A	A	A	U	M000000	1	1	1	1	1	LC	SM	SM	SM	LC	S	HC	HC	HC	HC	S	G,A,A,A	4	anti,~C3'-endo	anti,~C3'-endo	anti,~C3'-endo	anti,~C3'-endo	anti,~C3'-endo	anti,~C3'-endo	G-A,tSH	A-U,cWW	-,-	-,-	-,-	-,-	-,-	-,-	1	-	NR_all_54333.1
5B2P	6	0.604	0.101	1.026	M111111	1.B.C.35.	1.B.G.36.	1.B.A.37.	1.B.A.38.	1.B.A.39.	1.B.G.40.	C	G	A	A	A	G	M011100	1	1	1	1	1	LC	SM	SM	SM	LC	S	HC	HC	HC	HC	S	G,A,A,A	4	anti,~C3'-endo	anti,~C3'-endo	anti,~C3'-endo	anti,~C3'-endo	anti,~C3'-endo	anti,~C3'-endo	G-A,tSH	C-G,cWW	-,-	-,-	-,-	-,-	-,-	-,-	1	-	NR_all_90160.4
5B2T	6	0.612	0.102	0.829	M111111	1.A.U.72.	1.A.G.73.	1.A.A.74.	1.A.A.75.	1.A.A.76.	1.A.A.77.	U	G	A	A	A	A	M001000	1	1	1	1	1	LC	SM	SM	SM	LC	S	HC	HC	HC	HC	S	G,A,A,A	4	anti,~C3'-endo	anti,~C3'-endo	anti,~C3'-endo	anti,~C3'-endo	anti,~C3'-endo	anti,~C3'-endo	G-A,tSH	U-A,cWW	-,-	-,-	-,-	-,-	-,-	-,-	1	-	NR_all_46651.2
5B2T	6	0.733	0.122	1.094	M111111	1.A.A.32.	1.A.G.33.	1.A.A.34.	1.A.A.35.	1.A.A.36.	1.A.U.37.	A	G	A	A	A	U	M001000	1	1	1	1	1	LC	SM	SM	SM	LC	S	HC	HC	HC	HC	S	G,A,A,A	4	anti,~C3'-endo	anti,~C3'-endo	anti,~C3'-endo	anti,~C3'-endo	anti,~C3'-endo	anti,~C3'-endo	G-A,tSH	A-U,cWW	-,-	-,-	-,-	-,-	-,-	-,-	1	-	NR_all_46651.2
5BTM	6	0.756	0.126	1.277	M111111	1.A.U.26.	1.A.G.27.	1.A.A.28.	1.A.A.29.	1.A.A.30.	1.A.G.31.	U	G	A	A	A	G	M001111	1	1	1	1	1	LC	SM	SM	SM	LC	S	HC	HC	HC	HC	S	G,A,A,A	4	anti,~C3'-endo	anti,~C3'-endo	anti,~C3'-endo	anti,~C3'-endo	anti,~C3'-endo	anti,~C3'-endo	G-A,tSH	U-G,cWW	-,-	-,-	-,-	-,-	-,-	-,-	1	-	NR_all_74260.1
5D5L	6	0.604	0.101	0.861	M111111	1.A.C.8.	1.A.G.9.	1.A.A.10.	1.A.A.11.	1.A.A.12.	1.A.G.13.	C	G	A	A	A	G	M001111	1	1	1	1	1	LC	SM	SM	SM	LC	S	HC	HC	HC	HC	S	G,A,A,A	4	anti,~C3'-endo	anti,~C3'-endo	anti,~C3'-endo	anti,~C3'-endo	anti,~C3'-endo	anti,~C3'-endo	G-A,tSH	C-G,cWW	-,-	-,-	-,-	-,-	-,-	-,-	1	-	NR_all_55964.1
5DCV	6	1.139	0.19	1.457	M111111	1.D.G.26.	1.D.G.27.	1.D.A.28.	1.D.A.29.	1.D.A.30.	1.D.C.31.	G	G	A	A	A	C	M000000	1	1	1	1	1	LC	SM	SM	SM	LC	S	HC	HC	HC	HC	S	G,A,A,A	4	anti,~C3'-endo	anti,~C3'-endo	anti,~C3'-endo	anti,~C3'-endo	anti,~C3'-endo	anti,~C3'-endo	G-A,tSH	G-C,cWW	-,-	-,-	basepair,stack	basepair,-	basepair,-	-,-	1	-	NR_all_67474.1
5DDO	6	0.957	0.16	1.349	M111111	1.A.G.11.	1.A.G.12.	1.A.A.13.	1.A.A.14.	1.A.A.15.	1.A.C.16.	G	G	A	A	A	C	M000000	1	1	1	1	1	LC	SM	SM	SM	LC	S	HC	HC	HC	HC	S	G,A,A,A	4	anti,~C3'-endo	anti,~C3'-endo	anti,~C3'-endo	anti,~C3'-endo	anti,~C3'-endo	anti,~C3'-endo	G-A,tSH	G-C,cWW	-,-	-,-	-,stack	-,-	-,-	-,-	1	-	NR_all_69350.1
5DDP	6	0.819	0.136	1.21	M111111	1.A.G.11.	1.A.G.12.	1.A.A.13.	1.A.A.14.	1.A.A.15.	1.A.C.16.	G	G	A	A	A	C	M001111	1	1	1	1	1	LC	SM	SM	SM	LC	S	HC	HC	HC	HC	S	G,A,A,A	4	anti,~C3'-endo	anti,~C3'-endo	anti,~C3'-endo	anti,~C3'-endo	anti,~C3'-endo	anti,~C3'-endo	G-A,tSH	G-C,cWW	-,-	-,-	-,-	-,-	-,-	-,-	1	RF01739	NR_all_46720.3
5F9F	6	0.968	0.161	1.288	M111111	1.F.A.10.	1.F.G.11.	1.F.U.12.	1.F.G.13.	1.F.A.14.	1.F.U.15.	A	G	U	G	A	U	M000000	1	1	1	1	1	LC	SM	SM	SM	LC	S	HC	HC	HC	HC	S	G,U,G,A	4	anti,~C3'-endo	anti,~C3'-endo	anti,~C3'-endo	anti,~C3'-endo	anti,~C3'-endo	anti,~C3'-endo	G-A,tSH	A-U,cWW	-,-	-,-	-,-	-,-	-,-	-,-	1	-	NR_all_67726.2
5F9R	6	0.776	0.129	1.156	M111111	1.A.U.90.	1.A.G.91.	1.A.A.92.	1.A.A.93.	1.A.A.94.	1.A.A.95.	U	G	A	A	A	A	M001000	1	1	1	1	1	LC	SM	SM	SM	LC	S	HC	HC	HC	HC	S	G,A,A,A	4	anti,~C3'-endo	anti,~C3'-endo	anti,~C3'-endo	anti,~C3'-endo	anti,~C3'-endo	anti,~C3'-endo	-	U-A,cWW	-,-	-,-	-,-	-,-	-,-	-,-	1	-	NR_all_22325.1
5FJC	6	0.891	0.148	1.255	M111111	1.A.G.73.	1.A.G.74.	1.A.A.75.	1.A.A.76.	1.A.A.77.	1.A.C.78.	G	G	A	A	A	C	M001111	1	1	1	1	1	LC	SM	SM	SM	LC	S	HC	HC	HC	HC	S	G,A,A,A	4	anti,~C3'-endo	anti,~C3'-endo	anti,~C3'-endo	anti,~C3'-endo	anti,~C3'-endo	anti,~C3'-endo	G-A,tSH	G-C,cWW	-,-	-,-	-,-	-,-	-,-	-,-	1	RF00162	NR_all_84517.1
5FJC	6	0.928	0.155	1.243	M111111	1.A.A.49.	1.A.G.50.	1.A.A.51.	1.A.A.52.	1.A.A.53.	1.A.U.54.	A	G	A	A	A	U	M101101	1	1	1	1	1	LC	SM	SM	SM	LC	S	HC	HC	HC	HC	S	G,A,A,A	4	anti,~C3'-endo	anti,~C3'-endo	anti,~C3'-endo	anti,~C3'-endo	anti,~C3'-endo	anti,~C3'-endo	G-A,tSH	A-U,cWW	-,-	-,-	-,-	-,-	-,-	-,-	1	RF00162	NR_all_84517.1
5FQ5	6	0.805	0.134	1.078	M111111	1.A.U.72.	1.A.G.73.	1.A.A.74.	1.A.A.75.	1.A.A.76.	1.A.A.77.	U	G	A	A	A	A	M001110	1	1	1	1	1	LC	SM	SM	SM	LC	S	HC	HC	HC	HC	S	G,A,A,A	4	anti,~C3'-endo	anti,~C3'-endo	anti,~C3'-endo	anti,~C3'-endo	anti,~C3'-endo	anti,~C3'-endo	G-A,tSH	U-A,cWW	-,-	-,-	-,-	-,-	-,-	-,-	1	-	NR_all_80577.1
5FQ5	6	0.995	0.166	1.362	M111111	1.A.A.32.	1.A.G.33.	1.A.A.34.	1.A.A.35.	1.A.A.36.	1.A.U.37.	A	G	A	A	A	U	M001000	1	1	1	1	1	LC	SM	SM	SM	LC	S	HC	HC	HC	HC	S	G,A,A,A	4	anti,~C3'-endo	anti,~C3'-endo	anti,~C3'-endo	anti,~C3'-endo	anti,~C3'-endo	anti,~C3'-endo	G-A,tSH	A-U,cWW	-,-	-,-	-,-	-,-	-,-	-,-	1	-	NR_all_80577.1
5J7L	6	0.386	0.064	0.762	M111111	1.DA.C.2374.	1.DA.G.2375.	1.DA.A.2376.	1.DA.A.2377.	1.DA.A.2378.	1.DA.G.2379.	C	G	A	A	A	G	M000000	1	1	1	1	1	LC	SM	SM	SM	LC	S	HC	HC	HC	HC	S	G,A,A,A	4	anti,~C3'-endo	anti,~C3'-endo	anti,~C3'-endo	anti,~C3'-endo	anti,~C3'-endo	anti,~C3'-endo	G-A,tSH	C-G,cWW	-,-	-,-	-,stack	-,-	-,-	-,-	1	RF02541	NR_all_83717.145
5J7L	6	0.486	0.081	0.947	M111111	1.AA.C.379.	1.AA.G.380.	1.AA.C.381.	1.AA.A.382.	1.AA.A.383.	1.AA.G.384.	C	G	C	A	A	G	M000000	1	1	1	1	1	LC	SM	SM	SM	LC	S	HC	HC	HC	HC	S	G,C,A,A	4	anti,~C3'-endo	anti,~C3'-endo	anti,~C3'-endo	anti,~C3'-endo	anti,~C3'-endo	anti,~C3'-endo	G-A,tSH	C-G,cWW	-,-	-,-	-,stack	-,-	-,-	-,-	1	RF02542	NR_all_56726.132
5J7L	6	0.579	0.096	0.913	M111111	1.DA.C.2658.	1.DA.G.2659.	1.DA.A.2660.	1.DA.G.2661.	1.DA.A.2662.	1.DA.G.2663.	C	G	A	G	A	G	M000000	1	1	1	1	1	SM	SM	SM	SM	SM	HC	HC	HC	HC	HC	HC	U,A,G,U,A,C,G,A,G,A,G,G,A,C,C	15	anti,~C3'-endo	anti,~C3'-endo	anti,~C3'-endo	anti,~C3'-endo	anti,~C3'-endo	anti,~C3'-endo	G-A,tSH	C-G,cWW	basepair,stack	-,-	-,-	-,-	basepair,-	basepair,stack	1	RF02541	NR_all_83717.145
5J7L	6	0.598	0.1	0.94	M111111	1.AA.C.186.	1.AA.G.187.	1.AA.C.188.	1.AA.A.189.	1.AA.A.190.	1.AA.G.191.	C	G	C	A	A	G	M000000	1	1	1	1	1	LC	SM	SM	SM	LC	S	HC	HC	HC	HC	S	G,C,A,A	4	anti,~C3'-endo	anti,~C3'-endo	anti,~C3'-endo	anti,~C3'-endo	anti,~C3'-endo	anti,~C3'-endo	G-A,tSH	C-G,cWW	-,-	-,-	-,-	-,-	-,-	-,-	1	RF02542	NR_all_56726.132
5J7L	6	0.652	0.109	1.161	M111111	1.AA.C.897.	1.AA.G.898.	1.AA.C.899.	1.AA.A.900.	1.AA.A.901.	1.AA.G.902.	C	G	C	A	A	G	M000000	1	1	1	1	1	LC	SM	SM	SM	LC	S	HC	HC	HC	HC	S	G,C,A,A	4	anti,~C3'-endo	anti,~C3'-endo	anti,~C3'-endo	anti,~C3'-endo	anti,~C3'-endo	anti,~C3'-endo	G-A,tSH	C-G,cWW	-,-	-,-	basepair,-	basepair,-	-,-	-,-	1	RF02542	NR_all_56726.132
5J7L	6	0.691	0.115	1.01	M111111	1.DA.C.462.	1.DA.G.463.	1.DA.U.464.	1.DA.G.465.	1.DA.A.466.	1.DA.G.467.	C	G	U	G	A	G	M000000	1	1	1	1	1	LC	SM	SM	SM	LC	S	HC	HC	HC	HC	S	G,U,G,A	4	anti,~C3'-endo	anti,~C3'-endo	anti,~C3'-endo	anti,~C3'-endo	anti,~C3'-endo	anti,~C3'-endo	G-A,tSH	C-G,cWW	-,-	-,-	-,stack	basepair,-	basepair,-	-,-	1	RF02541	NR_all_83717.145
5J7L	6	0.71	0.118	1.057	M111111	1.DA.C.2594.	1.DA.G.2595.	1.DA.U.2596.	1.DA.G.2597.	1.DA.A.2598.	1.DA.G.2599.	C	G	U	G	A	G	M000000	1	1	1	1	1	LC	SM	SM	SM	LC	S	HC	HC	HC	HC	S	G,U,G,A	4	anti,~C3'-endo	anti,~C3'-endo	anti,~C3'-endo	anti,~C3'-endo	anti,~C3'-endo	anti,~C3'-endo	G-A,tSH	C-G,cWW	-,-	-,-	-,stack	basepair,-	basepair,-	-,-	1	RF02541	NR_all_83717.145
5J7L	6	0.775	0.129	1.148	M111111	1.DA.G.629.	1.DA.G.630.	1.DA.A.631.	1.DA.A.632.	1.DA.A.633.	1.DA.C.634.	G	G	A	A	A	C	M000000	1	1	1	1	1	LC	SM	SM	SM	LC	S	HC	HC	HC	HC	S	G,A,A,A	4	anti,~C3'-endo	anti,~C3'-endo	anti,~C3'-endo	anti,~C3'-endo	anti,~C3'-endo	anti,~C3'-endo	G-A,tSH	G-C,cWW	-,-	-,-	basepair,-	-,-	-,-	-,-	1	RF02541	NR_all_83717.145
5J7L	6	0.801	0.134	1.295	M111111	1.AA.U.296.	1.AA.G.297.	1.AA.A.298.	1.AA.G.299.	1.AA.A.300.	1.AA.G.301.	U	G	A	G	A	G	M000000	1	1	1	1	1	LC	SM	SM	SM	LC	S	HC	HC	HC	HC	S	G,A,G,A	4	anti,~C3'-endo	anti,~C3'-endo	anti,~C3'-endo	anti,~C3'-endo	anti,~C3'-endo	anti,~C3'-endo	G-A,tSH	U-G,cWW	-,-	-,-	-,stack	basepair,-	basepair,-	-,-	1	RF02542	NR_all_56726.132
5J7L	6	0.876	0.146	1.383	M111111	1.AA.C.1265.	1.AA.G.1266.	1.AA.C.1267.	1.AA.G.1268.	1.AA.A.1269.	1.AA.G.1270.	C	G	C	G	A	G	M000000	1	1	1	1	1	LC	SM	SM	SM	LC	S	HC	HC	HC	HC	S	G,C,G,A	4	anti,~C3'-endo	anti,~C3'-endo	anti,~C3'-endo	anti,~C3'-endo	anti,~C3'-endo	anti,~C3'-endo	G-A,tSH	C-G,cWW	-,-	-,-	-,-	basepair,-	basepair,-	-,-	1	RF02542	NR_all_56726.132
5J7L	6	0.885	0.147	1.343	M111111	1.AA.U.1076.	1.AA.G.1077.	1.AA.U.1078.	1.AA.G.1079.	1.AA.A.1080.	1.AA.A.1081.	U	G	U	G	A	A	M000000	1	1	1	1	1	LC	SM	SM	SM	LC	S	HC	HC	HC	HC	S	G,U,G,A	4	anti,~C3'-endo	anti,~C3'-endo	anti,~C3'-endo	anti,~C3'-endo	anti,~C3'-endo	anti,~C3'-endo	G-A,tSH	U-A,cWW	-,-	-,-	-,-	basepair,-	basepair,-	-,-	1	RF02542	NR_all_56726.132
5J7L	6	0.894	0.149	1.232	M111111	1.DA.A.2856.	1.DA.G.2857.	1.DA.C.2858.	1.DA.G.2859.	1.DA.A.2860.	1.DA.U.2861.	A	G	C	G	A	U	M000000	1	1	1	1	1	LC	SM	SM	SM	LC	S	HC	HC	HC	HC	S	G,C,G,A	4	anti,~C3'-endo	anti,~C3'-endo	anti,~C3'-endo	anti,~C3'-endo	anti,~C3'-endo	anti,~C3'-endo	G-A,tSH	A-U,cWW	-,-	-,-	-,-	basepair,-	basepair,-	-,-	1	RF02541	NR_all_83717.145
5J7L	6	0.926	0.154	1.431	M111111	1.DA.C.487.	1.DA.G.488.	1.DA.G.489.	1.DA.G.491.	1.DA.A.492.	1.DA.G.493.	C	G	G	G	A	G	M000000	1	1	2	1	1	LC	SM	SM	SM	LC	S	HC	HC	HC	HC	S	G,G,C,G,A	5	anti,~C3'-endo	anti,~C3'-endo	anti,~C2'-endo	anti,~C3'-endo	anti,~C3'-endo	anti,~C3'-endo	G-A,tSH	C-G,cWW	-,-	-,-	-,stack	-,-	-,-	-,-	0	RF02541	NR_all_83717.145
5J7L	6	0.944	0.157	1.407	M111111	1.AA.G.158.	1.AA.G.159.	1.AA.A.160.	1.AA.A.161.	1.AA.A.162.	1.AA.C.163.	G	G	A	A	A	C	M000000	1	1	1	1	1	LC	SM	SM	SM	LC	S	HC	HC	HC	HC	S	G,A,A,A	4	anti,~C3'-endo	anti,~C3'-endo	anti,~C3'-endo	anti,~C3'-endo	anti,~C3'-endo	anti,~C3'-endo	G-A,tSH	G-C,cWW	-,-	-,-	basepair,stack	-,-	-,-	-,-	1	RF02542	NR_all_56726.132
5J7L	6	0.977	0.163	1.333	M111111	1.AA.C.862.	1.AA.U.863.	1.AA.A.864.	1.AA.A.865.	1.AA.C.866.	1.AA.G.867.	C	U	A	A	C	G	M000000	1	1	1	1	1	LC	SM	LC	SM	NR	SJP	HPJP	HPJP	SHP	SHP	S	-	0	anti,~C3'-endo	anti,~C3'-endo	anti,~C3'-endo	anti,~C3'-endo	anti,~C3'-endo	anti,~C3'-endo	U-C,tWH	C-G,cWW	-,-	-,-	basepair,stack	basepair,-	basepair,-	basepair,-	0	RF02542	NR_all_56726.132
5M0H	6	0.803	0.134	1.249	M111111	1.A.U.21.	1.A.G.22.	1.A.A.23.	1.A.A.24.	1.A.A.25.	1.A.G.26.	U	G	A	A	A	G	M001111	1	1	1	1	1	LC	SM	SM	SM	LC	S	HC	HC	HC	HC	S	G,A,A,A	4	anti,~C3'-endo	anti,~C3'-endo	anti,~C3'-endo	anti,~C3'-endo	anti,~C3'-endo	anti,~C3'-endo	G-A,tSH	U-G,cWW	-,-	-,-	-,-	-,-	-,-	-,-	1	-	NR_all_66328.1
5M0I	6	0.358	0.06	0.62	M111111	1.E.C.12.	1.E.G.13.	1.E.A.14.	1.E.A.15.	1.E.A.16.	1.E.G.17.	C	G	A	A	A	G	M001111	1	1	1	1	1	LC	SM	SM	SM	LC	S	HC	HC	HC	HC	S	G,A,A,A	4	anti,~C3'-endo	anti,~C3'-endo	anti,~C3'-endo	anti,~C3'-endo	anti,~C3'-endo	anti,~C3'-endo	G-A,tSH	C-G,cWW	-,-	-,-	-,-	-,-	-,-	-,-	1	-	NR_all_90603.1
5M0I	6	0.381	0.064	0.602	M111111	1.F.C.12.	1.F.G.13.	1.F.A.14.	1.F.A.15.	1.F.A.16.	1.F.G.17.	C	G	A	A	A	G	M000000	1	1	1	1	1	LC	SM	SM	SM	LC	S	HC	HC	HC	HC	S	G,A,A,A	4	anti,~C3'-endo	anti,~C3'-endo	anti,~C3'-endo	anti,~C3'-endo	anti,~C3'-endo	anti,~C3'-endo	G-A,tSH	C-G,cWW	-,-	-,-	-,-	-,-	-,-	-,-	1	-	NR_all_86202.1
5M0J	6	0.377	0.063	0.63	M111111	1.F.C.12.	1.F.G.13.	1.F.A.14.	1.F.A.15.	1.F.A.16.	1.F.G.17.	C	G	A	A	A	G	M000001	1	1	1	1	1	LC	SM	SM	SM	LC	S	HC	HC	HC	HC	S	G,A,A,A	4	anti,~C3'-endo	anti,~C3'-endo	anti,~C3'-endo	anti,~C3'-endo	anti,~C3'-endo	anti,~C3'-endo	G-A,tSH	C-G,cWW	-,-	-,-	-,-	-,-	-,-	-,-	1	-	NR_all_78625.1
5M0J	6	0.394	0.066	0.651	M111111	1.E.C.12.	1.E.G.13.	1.E.A.14.	1.E.A.15.	1.E.A.16.	1.E.G.17.	C	G	A	A	A	G	M001111	1	1	1	1	1	LC	SM	SM	SM	LC	S	HC	HC	HC	HC	S	G,A,A,A	4	anti,~C3'-endo	anti,~C3'-endo	anti,~C3'-endo	anti,~C3'-endo	anti,~C3'-endo	anti,~C3'-endo	G-A,tSH	C-G,cWW	-,-	-,-	-,-	-,-	-,-	-,-	1	-	NR_all_57646.1
5TBW	6	0.388	0.065	0.464	M111111	1.1.U.382.	1.1.G.383.	1.1.A.384.	1.1.A.385.	1.1.A.386.	1.1.A.387.	U	G	A	A	A	A	M000000	1	1	1	1	1	LC	SM	SM	SM	LC	S	HC	HC	HC	HC	S	G,A,A,A	4	anti,~C3'-endo	anti,~C3'-endo	anti,~C3'-endo	anti,~C3'-endo	anti,~C3'-endo	anti,~C3'-endo	G-A,tSH	U-A,cWW	-,-	-,-	-,stack	-,-	-,-	-,-	1	RF02541	NR_all_90506.74
5TBW	6	0.506	0.084	0.896	M111111	1.1.C.3025.	1.1.G.3026.	1.1.A.3027.	1.1.G.3028.	1.1.A.3029.	1.1.G.3030.	C	G	A	G	A	G	M000000	1	1	1	1	1	SM	SM	SM	SM	SM	HC	HC	HC	HC	HC	HC	U,U,A,G,U,A,C,G,A,G,A,G,G,A,A,C,A	17	anti,~C3'-endo	anti,~C3'-endo	anti,~C3'-endo	anti,~C3'-endo	anti,~C3'-endo	anti,~C3'-endo	G-A,tSH	C-G,cWW	basepair,stack	-,-	-,-	-,-	basepair,-	basepair,stack	1	RF02541	NR_all_90506.74
5TBW	6	0.588	0.098	1.084	M111111	1.1.C.599.	1.1.G.600.	1.1.U.601.	1.1.A.602.	1.1.A.603.	1.1.G.604.	C	G	U	A	A	G	M000000	1	1	1	1	1	LC	SM	SM	SM	LC	S	HC	HC	HC	HC	S	G,U,A,A	4	anti,~C3'-endo	anti,~C3'-endo	anti,~C3'-endo	anti,~C3'-endo	anti,~C3'-endo	anti,~C3'-endo	G-A,tSH	C-G,cWW	-,-	-,-	-,-	-,-	-,-	-,-	1	RF02541	NR_all_90506.74
5TBW	6	0.673	0.112	1.009	M111111	1.1.U.707.	1.1.G.708.	1.1.A.709.	1.1.A.710.	1.1.A.711.	1.1.G.712.	U	G	A	A	A	G	M000000	1	1	1	1	1	LC	SM	SM	SM	LC	S	HC	HC	HC	HC	S	G,A,A,A	4	anti,~C3'-endo	anti,~C3'-endo	anti,~C3'-endo	anti,~C3'-endo	anti,~C3'-endo	anti,~C3'-endo	G-A,tSH	U-G,cWW	-,-	-,-	basepair,-	-,-	-,-	-,-	1	RF02541	NR_all_90506.74
5TBW	6	0.683	0.114	0.961	M111111	1.1.U.2744.	1.1.G.2745.	1.1.A.2746.	1.1.A.2747.	1.1.A.2748.	1.1.G.2749.	U	G	A	A	A	G	M000000	1	1	1	1	1	LC	SM	SM	SM	LC	S	HC	HC	HC	HC	S	G,A,A,A	4	anti,~C3'-endo	anti,~C3'-endo	anti,~C3'-endo	anti,~C3'-endo	anti,~C3'-endo	anti,~C3'-endo	G-A,tSH	U-G,cWW	-,-	-,-	-,-	-,-	-,-	-,-	1	RF02541	NR_all_90506.74
5TBW	6	0.71	0.118	0.972	M111111	1.1.C.1023.	1.1.G.1024.	1.1.A.1025.	1.1.A.1026.	1.1.A.1027.	1.1.G.1029.	C	G	A	A	A	G	M000000	1	1	1	1	2	LC	SM	SM	SM	LC	S	HC	HC	HC	HC	S	G,A,A,A,U	5	anti,~C3'-endo	anti,~C3'-endo	anti,~C3'-endo	anti,~C3'-endo	anti,~C3'-endo	anti,~C3'-endo	G-A,tWH	C-G,cWW	-,-	-,-	-,-	-,-	-,-	-,-	1	RF02541	NR_all_90506.74
5TBW	6	0.712	0.119	1.068	M111111	1.1.C.2963.	1.1.G.2964.	1.1.U.2965.	1.1.G.2966.	1.1.A.2967.	1.1.G.2968.	C	G	U	G	A	G	M000000	1	1	1	1	1	LC	SM	SM	SM	LC	S	HC	HC	HC	HC	S	G,U,G,A	4	anti,~C3'-endo	anti,~C3'-endo	anti,~C3'-endo	anti,~C3'-endo	anti,~C3'-endo	anti,~C3'-endo	G-A,tSH	C-G,cWW	-,-	-,-	-,-	basepair,-	basepair,-	-,stack	1	RF02541	NR_all_90506.74
5TBW	6	0.723	0.12	1.018	M111111	1.1.C.732.	1.1.G.733.	1.1.C.734.	1.1.A.735.	1.1.A.736.	1.1.G.737.	C	G	C	A	A	G	M000000	1	1	1	1	1	LC	SM	SM	SM	LC	S	HC	HC	HC	HC	S	G,C,A,A	4	anti,~C3'-endo	anti,~C3'-endo	anti,~C3'-endo	anti,~C3'-endo	anti,~C3'-endo	anti,~C3'-endo	G-A,tSH	C-G,cWW	-,-	-,-	-,-	-,-	-,-	-,-	1	RF02541	NR_all_90506.74
5TBW	6	0.878	0.146	1.264	M111111	1.AS.G.88.	1.AS.G.89.	1.AS.U.90.	1.AS.G.91.	1.AS.A.92.	1.AS.C.93.	G	G	U	G	A	C	M000000	1	1	1	1	1	LC	SM	SM	SM	LC	S	HC	HC	HC	HC	S	G,U,G,A	4	anti,~C3'-endo	anti,~C3'-endo	anti,~C3'-endo	anti,~C3'-endo	anti,~C3'-endo	anti,~C3'-endo	G-A,tSH	G-C,cWW	-,-	-,-	-,-	-,-	-,-	-,-	1	RF00001	NR_all_18586.69
5TBW	6	0.889	0.148	1.16	M111111	1.1.A.357.	1.1.G.358.	1.1.U.359.	1.1.G.360.	1.1.A.361.	1.1.U.362.	A	G	U	G	A	U	M000000	1	1	1	1	1	LC	SM	SM	SM	LC	S	HC	HC	HC	HC	S	G,U,G,A	4	anti,~C3'-endo	anti,~C3'-endo	anti,~C3'-endo	anti,~C3'-endo	anti,~C3'-endo	anti,~C3'-endo	G-A,tSH	A-U,cWW	-,-	-,-	-,stack	basepair,-	basepair,-	-,-	1	RF02541	NR_all_90506.74
5TBW	6	0.945	0.158	1.31	M111111	1.1.C.1403.	1.1.G.1404.	1.1.U.1405.	1.1.A.1406.	1.1.A.1407.	1.1.G.1408.	C	G	U	A	A	G	M000000	1	1	1	1	1	LC	SM	SM	SM	LC	S	HC	HC	HC	HC	S	G,U,A,A	4	anti,~C3'-endo	anti,~C3'-endo	anti,~C3'-endo	anti,~C3'-endo	anti,~C3'-endo	anti,~C3'-endo	G-A,tSH	C-G,cWW	-,-	-,-	-,-	basepair,-	basepair,-	-,-	1	RF02541	NR_all_90506.74
5TBW	6	0.955	0.159	1.21	M111111	1.1.A.2220.	1.1.G.2221.	1.1.A.2222.	1.1.A.2223.	1.1.A.2224.	1.1.U.2225.	A	G	A	A	A	U	M000000	1	1	1	1	1	LC	SM	SM	SM	LC	S	HC	HC	HC	HC	S	G,A,A,A	4	anti,~C3'-endo	anti,~C3'-endo	anti,~C3'-endo	anti,~C3'-endo	anti,~C3'-endo	anti,~C3'-endo	G-A,tSH	A-U,cWW	-,-	-,-	basepair,-	-,-	basepair,-	-,-	1	RF02541	NR_all_90506.74
5TBW	6	0.99	0.165	1.414	M111111	1.1.G.844.	1.1.G.845.	1.1.A.846.	1.1.A.847.	1.1.A.848.	1.1.C.849.	G	G	A	A	A	C	M000000	1	1	1	1	1	LC	SM	SM	SM	LC	S	HC	HC	HC	HC	S	G,A,A,A	4	anti,~C3'-endo	anti,~C3'-endo	anti,~C3'-endo	anti,~C3'-endo	anti,~C3'-endo	anti,~C3'-endo	G-A,tSH	G-C,cWW	-,-	-,-	basepair,-	-,-	-,-	-,-	1	RF02541	NR_all_90506.74
5TBW	6	0.999	0.167	1.413	M111111	1.1.G.1634.	1.1.G.1635.	1.1.U.1636.	1.1.A.1637.	1.1.A.1638.	1.1.C.1639.	G	G	U	A	A	C	M000000	1	1	1	1	1	LC	SM	SM	SM	LC	S	HC	HC	HC	HC	S	G,U,A,A	4	anti,~C3'-endo	anti,~C3'-endo	anti,~C3'-endo	anti,~C3'-endo	anti,~C3'-endo	anti,~C3'-endo	G-A,tSH	G-C,cWW	-,-	-,-	-,stack	basepair,-	basepair,-	-,-	1	RF02541	NR_all_90506.74
5TBW	6	1.126	0.188	1.445	M111111	1.1.A.2164.	1.1.G.2165.	1.1.A.2166.	1.1.A.2167.	1.1.A.2168.	1.1.U.2170.	A	G	A	A	A	U	M000000	1	1	1	1	2	LC	SM	SM	SM	LC	S	HC	HC	HC	HC	S	G,A,A,A,G	5	anti,~C3'-endo	anti,~C3'-endo	anti,~C3'-endo	anti,~C3'-endo	anti,~C3'-endo	anti,~C3'-endo	G-A,tSH	A-U,cWW	-,-	-,-	basepair,-	-,-	basepair,-	-,-	0	RF02541	NR_all_90506.74
5TBW	6	1.154	0.192	1.534	M111111	1.1.G.1126.	1.1.G.1127.	1.1.U.1128.	1.1.A.1129.	1.1.A.1130.	1.1.C.1132.	G	G	U	A	A	C	M000000	1	1	1	1	2	LC	SM	SM	SM	LC	S	HC	HC	HC	HC	S	G,U,A,A,G	5	anti,~C3'-endo	anti,~C3'-endo	anti,~C3'-endo	anti,~C3'-endo	anti,~C3'-endo	anti,~C3'-endo	G-A,tSH	G-C,cWW	basepair,-	-,-	basepair,-	-,-	-,-	-,-	1	RF02541	NR_all_90506.74
5TPY	6	0.331	0.055	0.554	M111111	1.A.C.13.	1.A.G.14.	1.A.A.15.	1.A.A.16.	1.A.A.17.	1.A.G.18.	C	G	A	A	A	G	M000100	1	1	1	1	1	LC	SM	SM	SM	LC	S	HC	HC	HC	HC	S	G,A,A,A	4	anti,~C3'-endo	anti,~C3'-endo	anti,~C3'-endo	anti,~C3'-endo	anti,~C3'-endo	anti,~C3'-endo	G-A,tSH	C-G,cWW	-,-	-,-	-,-	-,-	-,-	-,-	1	-	NR_all_01439.1
5TPY	6	0.409	0.068	0.582	M111111	1.A.C.62.	1.A.G.63.	1.A.A.64.	1.A.A.65.	1.A.A.66.	1.A.G.67.	C	G	A	A	A	G	M111011	1	1	1	1	1	LC	SM	SM	SM	LC	S	HC	HC	HC	HC	S	G,A,A,A	4	anti,~C3'-endo	anti,~C3'-endo	anti,~C3'-endo	anti,~C3'-endo	anti,~C3'-endo	anti,~C3'-endo	G-A,tSH	C-G,cWW	-,-	-,-	-,-	-,-	-,-	-,-	1	-	NR_all_01439.1
5U3G	6	0.594	0.099	0.913	M111111	1.B.C.47.	1.B.G.48.	1.B.A.49.	1.B.A.50.	1.B.A.51.	1.B.G.52.	C	G	A	A	A	G	M001111	1	1	1	1	1	LC	SM	SM	SM	LC	S	HC	HC	HC	HC	S	G,A,A,A	4	anti,~C3'-endo	anti,~C3'-endo	anti,~C3'-endo	anti,~C3'-endo	anti,~C3'-endo	anti,~C3'-endo	G-A,tSH	C-G,cWW	-,-	-,-	-,-	-,-	-,-	-,-	1	RF00442	NR_all_04754.1
5UZ6	6	0.507	0.085	0.718	M111111	1.A.C.15.	1.A.G.16.	1.A.A.17.	1.A.A.18.	1.A.A.19.	1.A.G.20.	C	G	A	A	A	G	M001111	1	1	1	1	1	LC	SM	SM	SM	LC	S	HC	HC	HC	HC	S	G,A,A,A	4	anti,~C3'-endo	anti,~C3'-endo	anti,~C3'-endo	anti,~C3'-endo	anti,~C3'-endo	anti,~C3'-endo	G-A,tSH	C-G,cWW	-,-	-,-	-,-	-,-	-,-	-,-	1	-	NR_all_38698.1
5VCI	6	0.636	0.106	0.874	M111111	1.A.C.16.	1.A.G.17.	1.A.A.18.	1.A.A.19.	1.A.A.20.	1.A.G.21.	C	G	A	A	A	G	M001111	1	1	1	1	1	LC	SM	SM	SM	LC	S	HC	HC	HC	HC	S	G,A,A,A	4	anti,~C3'-endo	anti,~C3'-endo	anti,~C3'-endo	anti,~C3'-endo	anti,~C3'-endo	anti,~C3'-endo	G-A,tSH	C-G,cWW	-,-	-,-	-,-	-,-	-,-	-,-	1	-	NR_all_95948.1
5VW1	6	0.8	0.133	1.153	M111111	1.C.A.32.	1.C.G.33.	1.C.A.34.	1.C.A.35.	1.C.A.36.	1.C.U.37.	A	G	A	A	A	U	M100000	1	1	1	1	1	LC	SM	SM	SM	LC	S	HC	HC	HC	HC	S	G,A,A,A	4	anti,~C3'-endo	anti,~C3'-endo	anti,~C3'-endo	anti,~C3'-endo	anti,~C3'-endo	anti,~C3'-endo	G-A,tSH	A-U,cWW	-,-	-,-	-,-	-,-	-,-	-,-	1	-	NR_all_43299.1
5X2G	6	0.499	0.083	0.775	M111111	1.B.U.32.	1.B.G.33.	1.B.A.34.	1.B.A.35.	1.B.A.36.	1.B.A.37.	U	G	A	A	A	A	M110000	1	1	1	1	1	LC	SM	SM	SM	LC	S	HC	HC	HC	HC	S	G,A,A,A	4	anti,~C3'-endo	anti,~C3'-endo	anti,~C3'-endo	anti,~C3'-endo	anti,~C3'-endo	anti,~C3'-endo	G-A,tSH	U-A,cWW	-,-	-,-	-,-	-,-	-,-	-,-	1	-	NR_all_60079.1
5XTM	6	1.116	0.186	1.525	M111111	1.B.G.24.	1.B.G.25.	1.B.A.26.	1.B.A.27.	1.B.A.28.	1.B.C.29.	G	G	A	A	A	C	M000000	1	1	1	1	1	LC	SM	SM	SM	LC	S	HC	HC	HC	HC	S	G,A,A,A	4	anti,~C3'-endo	anti,~C3'-endo	anti,~C3'-endo	anti,~C3'-endo	anti,~C3'-endo	anti,~C3'-endo	G-A,tSH	G-C,cWW	-,-	-,-	basepair,-	basepair,-	basepair,-	-,-	1	-	NR_all_23835.1
5XTM	6	1.146	0.191	1.591	M111111	1.D.G.24.	1.D.G.25.	1.D.A.26.	1.D.A.27.	1.D.A.28.	1.D.C.29.	G	G	A	A	A	C	M000000	1	1	1	1	1	LC	SM	SM	SM	LC	S	HC	HC	HC	HC	S	G,A,A,A	4	anti,~C3'-endo	anti,~C3'-endo	anti,~C3'-endo	anti,~C3'-endo	anti,~C3'-endo	anti,~C3'-endo	G-A,tSH	G-C,cWW	-,-	-,-	basepair,stack	-,-	basepair,-	-,-	1	-	NR_all_37028.1
5Y7M	6	0.613	0.102	0.845	M111111	1.D.C.24.	1.D.G.25.	1.D.A.26.	1.D.A.27.	1.D.A.28.	1.D.G.29.	C	G	A	A	A	G	M001111	1	1	1	1	1	SM	SM	SM	SM	SM	HC	HC	HC	HC	HC	HC	G,A,C,G,A,U,C,G,A,A,A,G,G,G,A	15	anti,~C3'-endo	anti,~C3'-endo	anti,~C3'-endo	anti,~C3'-endo	anti,~C3'-endo	anti,~C3'-endo	G-A,tSH	C-G,cWW	-,stack	-,-	-,-	-,-	-,-	-,stack	1	-	NR_all_02553.1
6AEG	6	0.446	0.074	0.706	M111111	1.A.U.72.	1.A.G.73.	1.A.A.74.	1.A.A.75.	1.A.A.76.	1.A.A.77.	U	G	A	A	A	A	M001000	1	1	1	1	1	LC	SM	SM	SM	LC	S	HC	HC	HC	HC	S	G,A,A,A	4	anti,~C3'-endo	anti,~C3'-endo	anti,~C3'-endo	anti,~C3'-endo	anti,~C3'-endo	anti,~C3'-endo	G-A,tSH	U-A,cWW	-,-	-,-	-,-	-,-	-,-	-,-	1	-	NR_all_14386.1
6AEG	6	0.845	0.141	1.209	M111111	1.A.A.32.	1.A.G.33.	1.A.A.34.	1.A.A.35.	1.A.A.36.	1.A.U.37.	A	G	A	A	A	U	M001000	1	1	1	1	1	LC	SM	SM	SM	LC	S	HC	HC	HC	HC	S	G,A,A,A	4	anti,~C3'-endo	anti,~C3'-endo	anti,~C3'-endo	anti,~C3'-endo	anti,~C3'-endo	anti,~C3'-endo	G-A,tSH	A-U,cWW	-,-	-,-	-,-	-,-	-,-	-,-	1	-	NR_all_14386.1
6AZ4	6	1.231	0.205	2.398	M111111	1.A.U.20.	1.A.G.21.	1.A.A.22.	1.A.A.23.	1.A.A.24.	1.A.G.25.	U	G	A	A	A	G	M001111	1	1	1	1	1	LC	SM	SM	SM	LC	S	HC	HC	HC	HC	S	G,A,A,A	4	anti,~C3'-endo	anti,~C3'-endo	syn,~C3'-endo	anti,~C3'-endo	anti,~C3'-endo	anti,~C3'-endo	G-A,tSH	U-G,cWW	-,-	-,-	-,-	-,-	-,-	-,-	1	-	NR_all_96856.1
6CB3	6	0.553	0.092	0.802	M111111	1.B.C.76.	1.B.G.77.	1.B.A.78.	1.B.A.79.	1.B.A.80.	1.B.G.81.	C	G	A	A	A	G	M111110	1	1	1	1	1	LC	SM	SM	SM	LC	S	HC	HC	HC	HC	S	G,A,A,A	4	anti,~C3'-endo	anti,~C3'-endo	anti,~C3'-endo	anti,~C3'-endo	anti,~C3'-endo	anti,~C3'-endo	G-A,tSH	C-G,cWW	-,-	-,-	-,-	-,-	-,-	-,-	1	-	NR_all_18848.1
6CB3	6	0.834	0.139	1.121	M111111	1.B.G.50.	1.B.G.51.	1.B.A.52.	1.B.A.53.	1.B.A.54.	1.B.C.55.	G	G	A	A	A	C	M111110	1	1	1	1	1	LC	SM	SM	SM	LC	S	HC	HC	HC	HC	S	G,A,A,A	4	anti,~C3'-endo	anti,~C3'-endo	anti,~C3'-endo	anti,~C3'-endo	anti,~C3'-endo	anti,~C3'-endo	G-A,tSH	G-C,cWW	-,-	-,-	-,-	-,-	-,-	-,-	1	-	NR_all_18848.1
6CB3	6	1.388	0.231	2.391	M111111	1.B.G.20.	1.B.G.21.	1.B.A.22.	1.B.A.23.	1.B.A.24.	1.B.C.25.	G	G	A	A	A	C	M011000	1	1	1	1	1	LC	SM	SM	SM	LC	S	HC	HC	HC	HC	S	G,A,A,A	4	anti,~C3'-endo	anti,~C3'-endo	syn,~C3'-endo	anti,~C3'-endo	anti,~C3'-endo	anti,~C3'-endo	G-A,tSH	G-C,cWW	-,-	-,-	-,-	-,-	-,-	-,-	1	-	NR_all_18848.1
6CU1	6	0.648	0.108	0.93	M111111	1.A.C.42.	1.A.G.43.	1.A.A.44.	1.A.A.45.	1.A.A.46.	1.A.G.47.	C	G	A	A	A	G	M001111	1	1	1	1	1	LC	SM	SM	SM	LC	S	HC	HC	HC	HC	S	G,A,A,A	4	anti,~C3'-endo	anti,~C3'-endo	anti,~C3'-endo	anti,~C3'-endo	anti,~C3'-endo	anti,~C3'-endo	G-A,tSH	C-G,cWW	-,-	-,-	-,-	-,-	-,-	-,-	1	-	NR_all_75310.1
6CZR	6	0.656	0.109	1.183	M111111	1.1a.C.875.	1.1a.G.876.	1.1a.C.877.	1.1a.A.878.	1.1a.A.879.	1.1a.G.880.	C	G	C	A	A	G	M000000	1	1	1	1	1	LC	SM	SM	SM	LC	S	HC	HC	HC	HC	S	G,C,A,A	4	anti,~C3'-endo	anti,~C3'-endo	anti,~C3'-endo	anti,~C3'-endo	anti,~C3'-endo	anti,~C3'-endo	G-A,tSH	C-G,cWW	-,-	-,-	basepair,-	basepair,-	-,-	-,-	1	RF02542	NR_all_98268.1
6CZR	6	0.675	0.113	1.067	M111111	1.1a.C.375.	1.1a.G.376.	1.1a.C.377.	1.1a.A.378.	1.1a.A.379.	1.1a.G.380.	C	G	C	A	A	G	M000000	1	1	1	1	1	LC	SM	SM	SM	LC	S	HC	HC	HC	HC	S	G,C,A,A	4	anti,~C3'-endo	anti,~C3'-endo	anti,~C3'-endo	anti,~C3'-endo	anti,~C3'-endo	anti,~C3'-endo	G-A,tSH	C-G,cWW	-,-	-,-	-,stack	-,-	-,-	-,-	1	RF02542	NR_all_98268.1
6CZR	6	0.743	0.124	1.067	M111111	1.1a.U.292.	1.1a.G.293.	1.1a.A.294.	1.1a.G.295.	1.1a.A.296.	1.1a.G.297.	U	G	A	G	A	G	M000000	1	1	1	1	1	LC	SM	SM	SM	LC	S	HC	HC	HC	HC	S	G,A,G,A	4	anti,~C3'-endo	anti,~C3'-endo	anti,~C3'-endo	anti,~C3'-endo	anti,~C3'-endo	anti,~C3'-endo	G-A,tSH	U-G,cWW	-,-	-,-	-,stack	basepair,-	basepair,-	-,-	1	RF02542	NR_all_98268.1
6CZR	6	0.796	0.133	1.277	M111111	1.1a.C.1059.	1.1a.G.1060.	1.1a.U.1061.	1.1a.G.1062.	1.1a.A.1063.	1.1a.G.1064.	C	G	U	G	A	G	M000000	1	1	1	1	1	LC	SM	SM	SM	LC	S	HC	HC	HC	HC	S	G,U,G,A	4	anti,~C3'-endo	anti,~C3'-endo	anti,~C3'-endo	anti,~C3'-endo	anti,~C3'-endo	anti,~C3'-endo	G-A,tSH	C-G,cWW	-,-	-,-	-,-	-,-	basepair,-	-,-	1	RF02542	NR_all_98268.1
6CZR	6	0.911	0.152	1.11	M111111	1.1a.C.1148.	1.1a.G.1149.	1.1a.A.1150.	1.1a.A.1151.	1.1a.A.1152.	1.1a.G.1153.	C	G	A	A	A	G	M000000	1	1	1	1	1	LC	SM	SM	SM	LC	S	HC	HC	HC	HC	S	G,A,A,A	4	anti,~C3'-endo	anti,~C3'-endo	anti,~C3'-endo	anti,~C3'-endo	anti,~C3'-endo	anti,~C3'-endo	G-A,tSH	C-G,cWW	-,-	-,-	-,-	-,-	basepair,-	-,-	1	RF02542	NR_all_98268.1
6DME	6	0.449	0.075	0.686	M111111	1.A.C.25.	1.A.G.26.	1.A.A.27.	1.A.G.28.	1.A.A.29.	1.A.G.30.	C	G	A	G	A	G	M011110	1	1	1	1	1	LC	SM	SM	SM	LC	S	HC	HC	HC	HC	S	G,A,G,A	4	anti,~C3'-endo	anti,~C3'-endo	anti,~C3'-endo	anti,~C3'-endo	anti,~C3'-endo	anti,~C3'-endo	G-A,tSH	C-G,cWW	-,-	-,-	-,-	-,-	-,-	-,-	1	-	NR_all_86427.1
6DVK	6	0.984	0.164	1.366	M111111	1.H.G.45.	1.H.G.46.	1.H.A.47.	1.H.A.48.	1.H.A.49.	1.H.C.50.	G	G	A	A	A	C	M111110	1	1	1	1	1	LC	SM	SM	SM	LC	S	HC	HC	HC	HC	S	G,A,A,A	4	anti,~C3'-endo	anti,~C3'-endo	anti,~C3'-endo	anti,~C3'-endo	anti,~C3'-endo	anti,~C3'-endo	G-A,tSH	G-C,cWW	-,-	-,-	basepair,stack	basepair,-	basepair,-	-,-	1	-	NR_all_89968.1
6JDV	6	0.702	0.117	1.051	M111111	1.B.U.86.	1.B.G.87.	1.B.A.88.	1.B.A.89.	1.B.A.90.	1.B.A.91.	U	G	A	A	A	A	M000000	1	1	1	1	1	LC	SM	SM	SM	LC	S	HC	HC	HC	HC	S	G,A,A,A	4	anti,~C3'-endo	anti,~C3'-endo	anti,~C3'-endo	anti,~C3'-endo	anti,~C3'-endo	anti,~C3'-endo	G-A,tSH	U-A,cWW	-,-	-,-	-,-	-,-	-,-	-,-	1	RF01344	NR_all_38966.4
6JDV	6	1.117	0.186	1.377	M111111	1.B.G.48.	1.B.G.49.	1.B.A.50.	1.B.A.51.	1.B.A.52.	1.B.C.53.	G	G	A	A	A	C	M000000	1	1	1	1	1	LC	SM	SM	SM	LC	S	HC	HC	HC	HC	S	G,A,A,A	4	anti,~C3'-endo	anti,~C3'-endo	anti,~C3'-endo	anti,~C3'-endo	anti,~C3'-endo	anti,~C3'-endo	G-A,tSH	G-C,cWW	-,-	-,-	-,-	-,-	-,-	-,-	1	RF01344	NR_all_38966.4
6JOO	6	0.789	0.132	1.277	M111111	1.B.G.32.	1.B.G.33.	1.B.A.34.	1.B.A.35.	1.B.A.36.	1.B.C.37.	G	G	A	A	A	C	M001000	1	1	1	1	1	LC	SM	SM	SM	LC	S	HC	HC	HC	HC	S	G,A,A,A	4	anti,~C3'-endo	anti,~C3'-endo	anti,~C3'-endo	anti,~C3'-endo	anti,~C3'-endo	anti,~C3'-endo	G-A,tSH	G-C,cWW	-,-	-,-	-,-	-,-	-,-	-,-	1	-	NR_all_62361.1
6JQ5	6	0.507	0.085	0.925	M111111	1.A.C.45.	1.A.G.46.	1.A.A.47.	1.A.A.48.	1.A.A.49.	1.A.G.50.	C	G	A	A	A	G	M111111	1	1	1	1	1	LC	SM	SM	SM	LC	S	HC	HC	HC	HC	S	G,A,A,A	4	anti,~C3'-endo	anti,~C3'-endo	anti,~C3'-endo	anti,~C3'-endo	anti,~C3'-endo	anti,~C3'-endo	G-A,tSH	C-G,cWW	-,-	-,-	-,-	-,-	-,-	-,-	0	RF02678	NR_all_18859.1
6JQ5	6	0.665	0.111	0.833	M111111	1.B.C.45.	1.B.G.46.	1.B.A.47.	1.B.A.48.	1.B.A.49.	1.B.G.50.	C	G	A	A	A	G	M101111	1	1	1	1	1	LC	SM	SM	SM	LC	S	HC	HC	HC	HC	S	G,A,A,A	4	anti,~C3'-endo	anti,~C3'-endo	anti,~C3'-endo	anti,~C3'-endo	anti,~C3'-endo	anti,~C3'-endo	G-A,tSH	C-G,cWW	-,-	-,-	-,-	-,-	-,-	-,-	1	RF02678	NR_all_18859.1
6N2V	6	0.461	0.077	0.746	M111111	1.A.C.56.	1.A.G.57.	1.A.A.58.	1.A.A.59.	1.A.A.60.	1.A.G.61.	C	G	A	A	A	G	M001111	1	1	1	1	1	LC	SM	SM	SM	LC	S	HC	HC	HC	HC	S	G,A,A,A	4	anti,~C3'-endo	anti,~C3'-endo	anti,~C3'-endo	anti,~C3'-endo	anti,~C3'-endo	anti,~C3'-endo	G-A,tSH	C-G,cWW	-,-	-,-	-,-	-,-	-,-	-,-	1	-	NR_all_70719.1
6N2V	6	0.48	0.08	0.686	M111111	1.A.C.76.	1.A.G.77.	1.A.A.78.	1.A.A.79.	1.A.A.80.	1.A.G.81.	C	G	A	A	A	G	M011110	1	1	1	1	1	LC	SM	SM	SM	LC	S	HC	HC	HC	HC	S	G,A,A,A	4	anti,~C3'-endo	anti,~C3'-endo	anti,~C3'-endo	anti,~C3'-endo	anti,~C3'-endo	anti,~C3'-endo	G-A,tSH	C-G,cWW	-,-	-,-	-,-	-,-	-,-	-,-	1	-	NR_all_70719.1
6N2V	6	0.716	0.119	1.079	M111111	1.A.G.24.	1.A.G.25.	1.A.A.26.	1.A.A.27.	1.A.A.28.	1.A.C.29.	G	G	A	A	A	C	M011110	1	1	1	1	1	LC	SM	SM	SM	LC	S	HC	HC	HC	HC	S	G,A,A,A	4	anti,~C3'-endo	anti,~C3'-endo	anti,~C3'-endo	anti,~C3'-endo	anti,~C3'-endo	anti,~C3'-endo	G-A,tSH	G-C,cWW	-,-	-,-	-,-	-,-	-,-	-,-	1	-	NR_all_70719.1
6TFF	6	0.524	0.087	0.792	M111111	1.A.C.27.	1.A.G.28.	1.A.A.29.	1.A.A.30.	1.A.A.31.	1.A.G.32.	C	G	A	A	A	G	M001100	1	1	1	1	1	LC	SM	SM	SM	LC	S	HC	HC	HC	HC	S	G,A,A,A	4	anti,~C3'-endo	anti,~C3'-endo	anti,~C3'-endo	anti,~C3'-endo	anti,~C3'-endo	anti,~C3'-endo	G-A,tSH	C-G,cWW	-,-	-,-	-,-	-,-	-,-	-,-	1	RF03013	NR_all_80360.2
6U8D	6	0.722	0.12	1.08	M111111	1.A.G.180.	1.A.G.198.	1.A.A.199.	1.A.A.200.	1.A.A.201.	1.A.C.219.	G	G	A	A	A	C	M111111	1	1	1	1	1	LC	SM	SM	SM	LC	S	HC	HC	HC	HC	S	G,A,A,A	4	anti,~C3'-endo	anti,~C3'-endo	anti,~C3'-endo	anti,~C3'-endo	anti,~C3'-endo	anti,~C3'-endo	G-A,tSH	G-C,cWW	-,-	-,-	-,-	-,-	-,-	-,-	1	-	NR_all_20951.1
6UFG	6	0.571	0.095	0.876	M111111	1.A.C.105.	1.A.G.106.	1.A.A.107.	1.A.A.108.	1.A.A.109.	1.A.G.110.	C	G	A	A	A	G	M001110	1	1	1	1	1	LC	SM	SM	SM	LC	S	HC	HC	HC	HC	S	G,A,A,A	4	anti,~C3'-endo	anti,~C3'-endo	anti,~C3'-endo	anti,~C3'-endo	anti,~C3'-endo	anti,~C3'-endo	G-A,tSH	C-G,cWW	-,-	-,-	-,-	-,-	-,-	-,-	1	-	NR_all_70717.1
6UFH	6	0.684	0.114	1.016	M111111	1.A.C.145.	1.A.G.146.	1.A.A.147.	1.A.A.148.	1.A.A.149.	1.A.G.150.	C	G	A	A	A	G	M001000	1	1	1	1	1	LC	SM	SM	SM	LC	S	HC	HC	HC	HC	S	G,A,A,A	4	anti,~C3'-endo	anti,~C3'-endo	anti,~C3'-endo	anti,~C3'-endo	anti,~C3'-endo	anti,~C3'-endo	G-A,tSH	C-G,cWW	-,-	-,-	-,-	-,-	-,-	-,-	1	-	NR_all_20272.1
6UFH	6	0.857	0.143	1.251	M111111	1.A.G.45.	1.A.G.46.	1.A.A.47.	1.A.A.48.	1.A.A.49.	1.A.C.50.	G	G	A	A	A	C	M101000	1	1	1	1	1	LC	SM	SM	SM	LC	S	HC	HC	HC	HC	S	G,A,A,A	4	anti,~C3'-endo	anti,~C3'-endo	anti,~C3'-endo	anti,~C3'-endo	anti,~C3'-endo	anti,~C3'-endo	G-A,tSH	G-C,cWW	-,-	-,-	-,-	-,-	-,-	-,-	1	-	NR_all_20272.1
6UFH	6	0.924	0.154	1.144	M111111	1.A.C.106.	1.A.G.107.	1.A.A.108.	1.A.A.109.	1.A.A.110.	1.A.G.111.	C	G	A	A	A	G	M001111	1	1	1	1	1	LC	SM	SM	SM	LC	S	HC	HC	HC	HC	S	G,A,A,A	4	anti,~C3'-endo	anti,~C3'-endo	anti,~C3'-endo	anti,~C3'-endo	anti,~C3'-endo	anti,~C3'-endo	G-A,tSH	C-G,cWW	-,-	-,-	-,-	-,-	-,-	-,-	1	-	NR_all_20272.1
6WPI	6	0.748	0.125	1.209	M111111	1.B.U.25.	1.B.G.26.	1.B.A.27.	1.B.A.28.	1.B.A.29.	1.B.G.30.	U	G	A	A	A	G	M100000	1	1	1	1	1	LC	SM	SM	SM	LC	S	HC	HC	HC	HC	S	G,A,A,A	4	anti,~C3'-endo	anti,~C3'-endo	anti,~C3'-endo	anti,~C3'-endo	anti,~C3'-endo	anti,~C3'-endo	G-A,tSH	U-G,cWW	-,-	-,-	basepair,stack	basepair,-	basepair,-	-,-	1	-	NR_all_14978.1
6YMC	6	0.95	0.158	1.159	M111111	1.A.G.11.	1.A.G.12.	1.A.A.13.	1.A.A.14.	1.A.A.15.	1.A.C.16.	G	G	A	A	A	C	M111111	1	1	1	1	1	LC	SM	SM	SM	LC	S	HC	HC	HC	HC	S	G,A,A,A	4	anti,~C3'-endo	anti,~C3'-endo	anti,~C3'-endo	anti,~C3'-endo	anti,~C3'-endo	anti,~C3'-endo	G-A,tSH	G-C,cWW	-,-	-,-	-,-	-,-	-,-	-,-	1	-	NR_all_04166.1
7A0S	6	0.532	0.089	0.745	M111111	1.X.C.640.	1.X.G.641.	1.X.A.642.	1.X.A.643.	1.X.A.644.	1.X.G.645.	C	G	A	A	A	G	M000000	1	1	1	1	1	LC	SM	SM	SM	LC	S	HC	HC	HC	HC	S	G,A,A,A	4	anti,~C3'-endo	anti,~C3'-endo	anti,~C3'-endo	anti,~C3'-endo	anti,~C3'-endo	anti,~C3'-endo	G-A,tWH	C-G,cWW	-,-	-,-	basepair,-	-,-	-,-	-,-	1	RF02541	NR_all_88987.9
7A0S	6	0.675	0.113	1.047	M111111	1.Y.C.88.	1.Y.G.89.	1.Y.C.90.	1.Y.A.91.	1.Y.G.92.	1.Y.G.93.	C	G	C	A	G	G	M000000	1	1	1	1	1	LC	SM	SM	SM	LC	S	HC	HC	HC	HC	S	G,C,A,G	4	anti,~C3'-endo	anti,~C3'-endo	anti,~C3'-endo	anti,~C3'-endo	anti,~C3'-endo	anti,~C3'-endo	G-G,tSH	C-G,cWW	-,-	-,-	-,-	-,-	-,-	-,-	1	RF00001	NR_all_17405.9
7A0S	6	0.675	0.113	1.285	M111111	1.X.C.2637.	1.X.G.2638.	1.X.A.2639.	1.X.G.2640.	1.X.A.2641.	1.X.G.2642.	C	G	A	G	A	G	M000000	1	1	1	1	1	SM	SM	SM	SM	SM	HC	HC	HC	HC	HC	HC	U,A,G,U,A,C,G,A,G,A,G,G,A,C,C	15	anti,~C3'-endo	anti,~C3'-endo	anti,~C3'-endo	anti,~C3'-endo	anti,~C3'-endo	anti,~C3'-endo	G-A,tSH	C-G,cWW	basepair,stack	-,-	-,-	-,-	basepair,-	basepair,stack	1	RF02541	NR_all_88987.9
7A0S	6	0.747	0.124	1.082	M111111	1.X.C.2573.	1.X.G.2574.	1.X.U.2575.	1.X.G.2576.	1.X.A.2577.	1.X.G.2578.	C	G	U	G	A	G	M000000	1	1	1	1	1	LC	SM	SM	SM	LC	S	HC	HC	HC	HC	S	G,U,G,A	4	anti,~C3'-endo	anti,~C3'-endo	anti,~C3'-endo	anti,~C3'-endo	anti,~C3'-endo	anti,~C3'-endo	G-A,tSH	C-G,cWW	-,-	-,-	-,stack	basepair,-	basepair,-	-,-	1	RF02541	NR_all_88987.9
7A0S	6	0.762	0.127	1.154	M111111	1.X.G.2353.	1.X.G.2354.	1.X.A.2355.	1.X.A.2356.	1.X.A.2357.	1.X.C.2358.	G	G	A	A	A	C	M000000	1	1	1	1	1	LC	SM	SM	SM	LC	S	HC	HC	HC	HC	S	G,A,A,A	4	anti,~C3'-endo	anti,~C3'-endo	anti,~C3'-endo	anti,~C3'-endo	anti,~C3'-endo	anti,~C3'-endo	G-A,tSH	G-C,cWW	-,-	-,-	-,stack	-,-	-,-	-,-	1	RF02541	NR_all_88987.9
7A0S	6	0.771	0.129	1.038	M111111	1.X.C.473.	1.X.G.474.	1.X.U.475.	1.X.G.476.	1.X.A.477.	1.X.G.478.	C	G	U	G	A	G	M000000	1	1	1	1	1	LC	SM	SM	SM	LC	S	HC	HC	HC	HC	S	G,U,G,A	4	anti,~C3'-endo	anti,~C3'-endo	anti,~C3'-endo	anti,~C3'-endo	anti,~C3'-endo	anti,~C3'-endo	G-A,tSH	C-G,cWW	-,-	-,-	-,stack	basepair,-	basepair,-	-,-	1	RF02541	NR_all_88987.9
7A0S	6	0.85	0.142	1.387	M111111	1.X.C.498.	1.X.G.499.	1.X.G.500.	1.X.G.501.	1.X.A.502.	1.X.G.503.	C	G	G	G	A	G	M000000	1	1	1	1	1	LC	SM	SM	SM	LC	S	HC	HC	HC	HC	S	G,G,G,A	4	anti,~C3'-endo	anti,~C3'-endo	anti,~C3'-endo	anti,~C3'-endo	anti,~C3'-endo	anti,~C3'-endo	G-A,tSH	C-G,cWW	-,-	-,-	-,stack	-,-	-,-	-,-	1	RF02541	NR_all_88987.9
7A0S	6	0.884	0.147	1.316	M111111	1.X.U.1856.	1.X.G.1857.	1.X.C.1858.	1.X.A.1859.	1.X.A.1860.	1.X.G.1861.	U	G	C	A	A	G	M000000	1	1	1	1	1	LC	SM	SM	SM	LC	S	HC	HC	HC	HC	S	G,C,A,A	4	anti,~C3'-endo	anti,~C3'-endo	anti,~C3'-endo	anti,~C3'-endo	anti,~C3'-endo	anti,~C3'-endo	G-A,tSH	U-G,cWW	-,-	-,-	-,-	-,-	-,-	-,-	1	RF02541	NR_all_88987.9
7A0S	6	0.929	0.155	1.236	M111111	1.X.A.2831.	1.X.G.2832.	1.X.C.2833.	1.X.A.2834.	1.X.A.2835.	1.X.U.2836.	A	G	C	A	A	U	M000000	1	1	1	1	1	LC	SM	SM	SM	LC	S	HC	HC	HC	HC	S	G,C,A,A	4	anti,~C3'-endo	anti,~C3'-endo	anti,~C3'-endo	anti,~C3'-endo	anti,~C3'-endo	anti,~C3'-endo	G-A,tSH	A-U,cWW	-,-	-,-	-,-	basepair,-	basepair,-	-,-	1	RF02541	NR_all_88987.9
7A0S	6	1.129	0.188	1.515	M111111	1.X.A.966.	1.X.G.967.	1.X.C.968.	1.X.A.970.	1.X.A.971.	1.X.U.973.	A	G	C	A	A	U	M000000	1	1	2	1	2	LC	SM	SM	SM	LC	S	HC	HC	HC	HC	S	G,C,U,A,A,C	6	anti,~C3'-endo	anti,~C3'-endo	anti,~C2'-endo	anti,~C3'-endo	anti,~C3'-endo	anti,~C3'-endo	G-A,tSH	A-U,cWW	-,-	-,-	basepair,-	basepair,-	basepair,-	-,-	0	RF02541	NR_all_88987.9
7D7W	6	0.352	0.059	0.615	M111111	1.A.C.27.	1.A.G.28.	1.A.A.29.	1.A.A.30.	1.A.A.31.	1.A.G.32.	C	G	A	A	A	G	M001100	1	1	1	1	1	LC	SM	SM	SM	LC	S	HC	HC	HC	HC	S	G,A,A,A	4	anti,~C3'-endo	anti,~C3'-endo	anti,~C3'-endo	anti,~C3'-endo	anti,~C3'-endo	anti,~C3'-endo	G-A,tSH	C-G,cWW	-,-	-,-	-,-	-,-	-,-	-,-	1	RF03013	NR_all_07795.1
7ELQ	6	0.355	0.059	0.448	M111111	1.A.C.22.	1.A.G.23.	1.A.A.24.	1.A.A.25.	1.A.A.26.	1.A.G.27.	C	G	A	A	A	G	M111110	1	1	1	1	1	LC	SM	SM	SM	LC	S	HC	HC	HC	HC	S	G,A,A,A	4	anti,~C3'-endo	anti,~C3'-endo	anti,~C3'-endo	anti,~C3'-endo	anti,~C3'-endo	anti,~C3'-endo	G-A,tSH	C-G,cWW	-,-	-,-	-,-	-,-	-,-	-,-	1	RF03054	NR_all_74244.2
7ENI	6	0.878	0.146	1.256	M111111	1.B.G.34.	1.B.G.35.	1.B.A.36.	1.B.A.37.	1.B.A.38.	1.B.C.39.	G	G	A	A	A	C	M001111	1	1	1	1	1	LC	SM	SM	SM	LC	S	HC	HC	HC	HC	S	G,A,A,A	4	anti,~C3'-endo	anti,~C3'-endo	anti,~C3'-endo	anti,~C3'-endo	anti,~C3'-endo	anti,~C3'-endo	G-A,tSH	G-C,cWW	-,-	-,-	-,-	-,-	-,-	-,-	1	-	NR_all_38681.1
7JNH	6	0.487	0.081	0.831	M111111	1.B.C.43.	1.B.G.44.	1.B.A.45.	1.B.A.46.	1.B.A.47.	1.B.G.48.	C	G	A	A	A	G	M111111	1	1	1	1	1	LC	SM	SM	SM	LC	S	HC	HC	HC	HC	S	G,A,A,A	4	anti,~C3'-endo	anti,~C3'-endo	anti,~C3'-endo	anti,~C3'-endo	anti,~C3'-endo	anti,~C3'-endo	G-A,tSH	C-G,cWW	-,-	-,-	-,-	-,-	-,-	-,-	1	-	NR_all_91654.1
7K16	6	0.45	0.075	0.679	M111111	1.P.C.13.	1.P.G.14.	1.P.A.15.	1.P.A.16.	1.P.A.17.	1.P.G.18.	C	G	A	A	A	G	M111111	1	1	1	1	1	LC	SM	SM	SM	LC	S	HC	HC	HC	HC	S	G,A,A,A	4	anti,~C3'-endo	anti,~C3'-endo	anti,~C3'-endo	anti,~C3'-endo	anti,~C3'-endo	anti,~C3'-endo	G-A,tSH	C-G,cWW	-,-	-,-	-,-	-,-	-,-	-,-	1	-	NR_all_48255.1
7KKV	6	0.896	0.149	1.158	M111111	1.B.G.500.	1.B.G.501.	1.B.U.502.	1.B.G.503.	1.B.A.504.	1.B.C.505.	G	G	U	G	A	C	M000000	1	1	1	1	1	LC	SM	SM	SM	LC	S	HC	HC	HC	HC	S	G,U,G,A	4	anti,~C3'-endo	anti,~C3'-endo	anti,~C3'-endo	anti,~C3'-endo	anti,~C3'-endo	anti,~C3'-endo	G-A,tSH	G-C,cWW	-,-	-,-	-,-	basepair,-	basepair,-	-,-	1	-	NR_all_72196.1
7KKV	6	1.123	0.187	1.737	M111111	1.B.G.528.	1.B.G.529.	1.B.A.530.	1.B.A.531.	1.B.A.532.	1.B.C.534.	G	G	A	A	A	C	M000001	1	1	1	1	2	LC	SM	SM	SM	LC	S	HC	HC	HC	HC	S	G,A,A,A,U	5	anti,~C3'-endo	anti,~C3'-endo	anti,~C3'-endo	anti,~C3'-endo	anti,~C3'-endo	anti,~C3'-endo	G-A,tSH	G-C,cWW	-,-	-,-	-,-	-,-	-,-	-,-	1	-	NR_all_72196.1
7MDL	6	0.826	0.138	1.287	M111111	1.E.C.47.C	1.E.U.47.D	1.E.A.47.E	1.E.G.47.F	1.E.C.47.G	1.E.G.47.H	C	U	A	G	C	G	M000000	1	1	1	1	1	LC	SM	SM	SM	LC	S	HC	HC	HC	HC	S	U,A,G,C	4	anti,~C3'-endo	anti,~C3'-endo	anti,~C3'-endo	anti,~C3'-endo	anti,~C3'-endo	anti,~C3'-endo	U-C,tWH	C-G,cWW	-,-	-,-	-,-	-,-	-,-	-,-	0	-	NR_all_89387.1
7MKY	6	0.719	0.12	1.116	M111111	1.A.G.40.	1.A.G.41.	1.A.A.42.	1.A.A.43.	1.A.A.44.	1.A.C.45.	G	G	A	A	A	C	M111111	1	1	1	1	1	LC	SM	SM	SM	LC	S	HC	HC	HC	HC	S	G,A,A,A	4	anti,~C3'-endo	anti,~C3'-endo	anti,~C3'-endo	anti,~C3'-endo	anti,~C3'-endo	anti,~C3'-endo	G-A,tSH	G-C,cWW	-,-	-,-	-,-	-,-	-,-	-,-	1	-	NR_all_41935.1
7MRL	6	1.305	0.217	2.491	M111111	1.A.G.34.	1.A.G.35.	1.A.A.36.	1.A.A.37.	1.A.A.38.	1.A.C.39.	G	G	A	A	A	C	M001111	1	1	1	1	1	LC	SM	SM	SM	LC	S	HC	HC	HC	HC	S	G,A,A,A	4	anti,~C3'-endo	anti,~C3'-endo	syn,~C3'-endo	anti,~C3'-endo	anti,~C3'-endo	anti,~C3'-endo	G-A,tSH	G-C,cWW	-,-	-,-	-,-	-,-	-,-	-,-	1	RF00005	NR_all_47714.1
7OZQ	6	0.516	0.086	0.771	M111111	1.H.C.14.	1.H.G.15.	1.H.A.16.	1.H.A.17.	1.H.A.18.	1.H.G.19.	C	G	A	A	A	G	M011111	1	1	1	1	1	LC	SM	SM	SM	LC	S	HC	HC	HC	HC	S	G,A,A,A	4	anti,~C3'-endo	anti,~C3'-endo	anti,~C3'-endo	anti,~C3'-endo	anti,~C3'-endo	anti,~C3'-endo	G-A,tSH	C-G,cWW	-,-	-,-	-,-	-,-	-,-	-,-	1	-	NR_all_45428.1
7QQP	6	0.697	0.116	1.011	M111111	1.A.U.72.	1.A.G.73.	1.A.A.74.	1.A.A.75.	1.A.A.76.	1.A.A.77.	U	G	A	A	A	A	M001100	1	1	1	1	1	LC	SM	SM	SM	LC	S	HC	HC	HC	HC	S	G,A,A,A	4	anti,~C3'-endo	anti,~C3'-endo	anti,~C3'-endo	anti,~C3'-endo	anti,~C3'-endo	anti,~C3'-endo	G-A,tSH	U-A,cWW	-,-	-,-	-,-	-,-	-,-	-,-	1	-	NR_all_55025.1
7QQP	6	0.881	0.147	1.215	M111111	1.A.A.32.	1.A.G.33.	1.A.A.34.	1.A.A.35.	1.A.A.36.	1.A.U.37.	A	G	A	A	A	U	M001000	1	1	1	1	1	LC	SM	SM	SM	LC	S	HC	HC	HC	HC	S	G,A,A,A	4	anti,~C3'-endo	anti,~C3'-endo	anti,~C3'-endo	anti,~C3'-endo	anti,~C3'-endo	anti,~C3'-endo	G-A,tSH	A-U,cWW	-,-	-,-	-,-	-,-	-,-	-,-	1	-	NR_all_55025.1
7QQX	6	0.614	0.102	0.842	M111111	1.A.U.72.	1.A.G.73.	1.A.A.74.	1.A.A.75.	1.A.A.76.	1.A.A.77.	U	G	A	A	A	A	M001110	1	1	1	1	1	LC	SM	SM	SM	LC	S	HC	HC	HC	HC	S	G,A,A,A	4	anti,~C3'-endo	anti,~C3'-endo	anti,~C3'-endo	anti,~C3'-endo	anti,~C3'-endo	anti,~C3'-endo	G-A,tSH	U-A,cWW	-,-	-,-	-,-	-,-	-,-	-,-	1	-	NR_all_83770.1
7QQX	6	1.01	0.168	1.447	M111111	1.A.A.32.	1.A.G.33.	1.A.A.34.	1.A.A.35.	1.A.A.36.	1.A.U.37.	A	G	A	A	A	U	M001000	1	1	1	1	1	LC	SM	SM	SM	LC	S	HC	HC	HC	HC	S	G,A,A,A	4	anti,~C3'-endo	anti,~C3'-endo	anti,~C3'-endo	anti,~C3'-endo	anti,~C3'-endo	anti,~C3'-endo	-	A-U,cWW	-,-	-,-	-,-	-,-	-,-	-,-	1	-	NR_all_83770.1
7QR0	6	0.688	0.115	1.031	M111111	1.A.U.72.	1.A.G.73.	1.A.A.74.	1.A.A.75.	1.A.A.76.	1.A.A.77.	U	G	A	A	A	A	M001110	1	1	1	1	1	LC	SM	SM	SM	LC	S	HC	HC	HC	HC	S	G,A,A,A	4	anti,~C3'-endo	anti,~C3'-endo	anti,~C3'-endo	anti,~C3'-endo	anti,~C3'-endo	anti,~C3'-endo	G-A,tSH	U-A,cWW	-,-	-,-	-,-	-,-	-,-	-,-	0	-	NR_all_44791.1
7QR0	6	0.932	0.155	1.436	M111111	1.A.A.32.	1.A.G.33.	1.A.A.34.	1.A.A.35.	1.A.A.36.	1.A.U.37.	A	G	A	A	A	U	M001000	1	1	1	1	1	LC	SM	SM	SM	LC	S	HC	HC	HC	HC	S	G,A,A,A	4	anti,~C3'-endo	anti,~C3'-endo	anti,~C3'-endo	anti,~C3'-endo	anti,~C3'-endo	anti,~C3'-endo	G-A,tSH	A-U,cWW	-,-	-,-	-,-	-,-	-,-	-,-	1	-	NR_all_44791.1
7QR8	6	1.298	0.216	2.503	M111111	1.A.A.32.	1.A.G.33.	1.A.A.34.	1.A.A.35.	1.A.A.36.	1.A.U.37.	A	G	A	A	A	U	M001000	1	1	1	1	1	LC	SM	SM	SM	LC	S	HC	HC	HC	HC	S	G,A,A,A	4	anti,~C3'-endo	syn,~C3'-endo	anti,~C3'-endo	anti,~C3'-endo	anti,~C3'-endo	anti,~C3'-endo	-	A-U,cWW	-,-	-,-	-,-	-,-	-,-	-,-	0	-	NR_all_96336.1
7R97	6	0.718	0.12	1.015	M111111	1.C.C.11.	1.C.G.12.	1.C.C.13.	1.C.A.14.	1.C.A.15.	1.C.G.16.	C	G	C	A	A	G	M100000	1	1	1	1	1	LC	SM	SM	SM	LC	S	HC	HC	HC	HC	S	G,C,A,A	4	anti,~C3'-endo	anti,~C3'-endo	anti,~C3'-endo	anti,~C3'-endo	anti,~C3'-endo	anti,~C3'-endo	G-A,tSH	C-G,cWW	-,-	-,-	-,-	-,-	-,-	-,-	1	-	NR_all_52425.2
7U4A	6	0.446	0.074	0.629	M111111	1.A.C.62.	1.A.G.63.	1.A.A.64.	1.A.A.65.	1.A.A.66.	1.A.G.67.	C	G	A	A	A	G	M001110	1	1	1	1	1	LC	SM	SM	SM	LC	S	HC	HC	HC	HC	S	G,A,A,A	4	anti,~C3'-endo	anti,~C3'-endo	anti,~C3'-endo	anti,~C3'-endo	anti,~C3'-endo	anti,~C3'-endo	G-A,tSH	C-G,cWW	-,-	-,-	-,-	-,-	-,-	-,-	1	-	NR_all_96772.1
7UQ6	6	1.01	0.168	1.341	M111111	1.B.G.41.	1.B.G.42.	1.B.A.43.	1.B.A.44.	1.B.A.45.	1.B.C.46.	G	G	A	A	A	C	M001111	1	1	1	1	1	LC	SM	SM	SM	LC	S	HC	HC	HC	HC	S	G,A,A,A	4	anti,~C3'-endo	anti,~C3'-endo	anti,~C3'-endo	anti,~C3'-endo	anti,~C3'-endo	anti,~C3'-endo	G-A,tSH	G-C,cWW	-,-	-,-	-,-	-,-	-,-	-,-	1	RF00005	NR_all_63075.1
7UZ0	6	0.613	0.102	0.79	M111111	1.A.C.36.	1.A.G.37.	1.A.A.38.	1.A.A.39.	1.A.A.40.	1.A.G.41.	C	G	A	A	A	G	M001111	1	1	1	1	1	LC	SM	SM	SM	LC	S	HC	HC	HC	HC	S	G,A,A,A	4	anti,~C3'-endo	anti,~C3'-endo	anti,~C3'-endo	anti,~C3'-endo	anti,~C3'-endo	anti,~C3'-endo	G-A,tSH	C-G,cWW	-,-	-,-	-,-	-,-	-,-	-,-	1	RF00005	NR_all_91710.1
7WIE	6	0.692	0.115	0.832	M111111	1.V.C.31.	1.V.G.32.	1.V.A.33.	1.V.A.34.	1.V.A.35.	1.V.G.37.	C	G	A	A	A	G	M001111	1	1	1	1	1	LC	SM	SM	SM	LC	S	HC	HC	HC	HC	S	G,A,A,A	4	anti,~C3'-endo	anti,~C3'-endo	anti,~C3'-endo	anti,~C3'-endo	anti,~C3'-endo	anti,~C3'-endo	G-A,tSH	C-G,cWW	-,-	-,-	-,-	-,-	-,-	-,-	1	-	NR_all_52535.1
7ZO1	6	0.558	0.093	0.879	M111111	1.A.U.72.	1.A.G.73.	1.A.A.74.	1.A.A.75.	1.A.A.76.	1.A.A.77.	U	G	A	A	A	A	M001000	1	1	1	1	1	LC	SM	SM	SM	LC	S	HC	HC	HC	HC	S	G,A,A,A	4	anti,~C3'-endo	anti,~C3'-endo	anti,~C3'-endo	anti,~C3'-endo	anti,~C3'-endo	anti,~C3'-endo	G-A,tSH	U-A,cWW	-,-	-,-	-,-	-,-	-,-	-,-	1	-	NR_all_69993.1
7ZO1	6	0.802	0.134	1.228	M111111	1.A.A.32.	1.A.G.33.	1.A.A.34.	1.A.A.35.	1.A.A.36.	1.A.U.37.	A	G	A	A	A	U	M001000	1	1	1	1	1	LC	SM	SM	SM	LC	S	HC	HC	HC	HC	S	G,A,A,A	4	anti,~C3'-endo	anti,~C3'-endo	anti,~C3'-endo	anti,~C3'-endo	anti,~C3'-endo	anti,~C3'-endo	G-A,tSH	A-U,cWW	-,-	-,-	-,-	-,-	-,-	-,-	1	-	NR_all_69993.1
8C3A	6	0.315	0.052	0.424	M111111	1.1.U.382.	1.1.G.383.	1.1.A.384.	1.1.A.385.	1.1.A.386.	1.1.A.387.	U	G	A	A	A	A	M000000	1	1	1	1	1	LC	SM	SM	SM	LC	S	HC	HC	HC	HC	S	G,A,A,A	4	anti,~C3'-endo	anti,~C3'-endo	anti,~C3'-endo	anti,~C3'-endo	anti,~C3'-endo	anti,~C3'-endo	G-A,tSH	U-A,cWW	-,-	-,-	-,stack	-,-	-,-	-,-	1	RF02541	NR_all_71228.8
8C3A	6	0.561	0.094	0.842	M111111	1.1.U.705.	1.1.G.706.	1.1.A.707.	1.1.A.708.	1.1.A.709.	1.1.G.710.	U	G	A	A	A	G	M000000	1	1	1	1	1	LC	SM	SM	SM	LC	S	HC	HC	HC	HC	S	G,A,A,A	4	anti,~C3'-endo	anti,~C3'-endo	anti,~C3'-endo	anti,~C3'-endo	anti,~C3'-endo	anti,~C3'-endo	G-A,tSH	U-G,cWW	-,-	-,-	basepair,-	-,-	-,-	-,-	1	RF02541	NR_all_71228.8
8C3A	6	0.609	0.101	0.905	M111111	1.1.C.2997.	1.1.G.2998.	1.1.A.2999.	1.1.G.3000.	1.1.A.3001.	1.1.G.3002.	C	G	A	G	A	G	M000000	1	1	1	1	1	SM	SM	SM	SM	SM	HC	HC	HC	HC	HC	HC	U,U,A,G,U,A,C,G,A,G,A,G,G,A,A,C,C	17	anti,~C3'-endo	anti,~C3'-endo	anti,~C3'-endo	anti,~C3'-endo	anti,~C3'-endo	anti,~C3'-endo	G-A,tSH	C-G,cWW	basepair,stack	-,-	-,-	-,-	basepair,-	basepair,stack	1	RF02541	NR_all_71228.8
8C3A	6	0.622	0.104	0.799	M111111	1.1.U.2716.	1.1.G.2717.	1.1.A.2718.	1.1.A.2719.	1.1.A.2720.	1.1.G.2721.	U	G	A	A	A	G	M000000	1	1	1	1	1	LC	SM	SM	SM	LC	S	HC	HC	HC	HC	S	G,A,A,A	4	anti,~C3'-endo	anti,~C3'-endo	anti,~C3'-endo	anti,~C3'-endo	anti,~C3'-endo	anti,~C3'-endo	G-A,tSH	U-G,cWW	-,-	-,-	-,-	-,-	-,-	-,-	1	RF02541	NR_all_71228.8
8C3A	6	0.653	0.109	1.115	M111111	1.CM.C.1106.	1.CM.G.1107.	1.CM.C.1108.	1.CM.A.1109.	1.CM.A.1110.	1.CM.G.1111.	C	G	C	A	A	G	M000000	1	1	1	1	1	LC	SM	SM	SM	LC	S	HC	HC	HC	HC	S	G,C,A,A	4	anti,~C3'-endo	anti,~C3'-endo	anti,~C3'-endo	anti,~C3'-endo	anti,~C3'-endo	anti,~C3'-endo	G-A,tSH	C-G,cWW	-,-	-,-	basepair,-	basepair,-	-,-	-,-	1	RF02542	NR_all_22526.6
8C3A	6	0.703	0.117	1.086	M111111	1.1.C.2935.	1.1.G.2936.	1.1.U.2937.	1.1.G.2938.	1.1.A.2939.	1.1.G.2940.	C	G	U	G	A	G	M000000	1	1	1	1	1	LC	SM	SM	SM	LC	S	HC	HC	HC	HC	S	G,U,G,A	4	anti,~C3'-endo	anti,~C3'-endo	anti,~C3'-endo	anti,~C3'-endo	anti,~C3'-endo	anti,~C3'-endo	G-A,tSH	C-G,cWW	-,-	-,-	-,-	basepair,-	basepair,-	-,stack	1	RF02541	NR_all_71228.8
8C3A	6	0.881	0.147	1.141	M111111	1.CM.A.1281.	1.CM.G.1282.	1.CM.U.1283.	1.CM.G.1284.	1.CM.A.1285.	1.CM.U.1286.	A	G	U	G	A	U	M000000	1	1	1	1	1	LC	SM	SM	SM	LC	S	HC	HC	HC	HC	S	G,U,G,A	4	anti,~C3'-endo	anti,~C3'-endo	anti,~C3'-endo	anti,~C3'-endo	anti,~C3'-endo	anti,~C3'-endo	G-A,tSH	A-U,cWW	-,-	-,-	-,-	basepair,-	-,-	-,-	1	RF02542	NR_all_22526.6
8C3A	6	0.891	0.148	1.233	M111111	1.1.G.840.	1.1.G.841.	1.1.A.842.	1.1.A.843.	1.1.A.844.	1.1.C.845.	G	G	A	A	A	C	M000000	1	1	1	1	1	LC	SM	SM	SM	LC	S	HC	HC	HC	HC	S	G,A,A,A	4	anti,~C3'-endo	anti,~C3'-endo	anti,~C3'-endo	anti,~C3'-endo	anti,~C3'-endo	anti,~C3'-endo	G-A,tSH	G-C,cWW	-,-	-,-	basepair,-	-,-	-,-	-,-	1	RF02541	NR_all_71228.8
8C3A	6	0.907	0.151	1.176	M111111	1.CM.A.1069.	1.CM.G.1070.	1.CM.A.1071.	1.CM.A.1072.	1.CM.A.1073.	1.CM.U.1074.	A	G	A	A	A	U	M000000	1	1	1	1	1	LC	SM	LC	SM	NR	SJP	HPJP	HPJP	SHP	SHP	S	-	0	anti,~C3'-endo	anti,~C3'-endo	anti,~C3'-endo	anti,~C3'-endo	anti,~C3'-endo	anti,~C3'-endo	G-A,tSH	A-U,cWW	-,-	-,-	basepair,stack	basepair,-	basepair,-	basepair,-	1	RF02542	NR_all_22526.6
8C3A	6	0.929	0.155	1.227	M111111	1.3.G.88.	1.3.G.89.	1.3.A.90.	1.3.G.91.	1.3.A.92.	1.3.C.93.	G	G	A	G	A	C	M000000	1	1	1	1	1	LC	SM	SM	SM	LC	S	HC	HC	HC	HC	S	G,A,G,A	4	anti,~C3'-endo	anti,~C3'-endo	anti,~C3'-endo	anti,~C3'-endo	anti,~C3'-endo	anti,~C3'-endo	G-A,tSH	G-C,cWW	-,-	-,-	-,-	-,-	-,-	-,-	1	RF00001	NR_all_83277.8
8C3A	6	0.962	0.16	1.198	M111111	1.1.A.2198.	1.1.G.2199.	1.1.A.2200.	1.1.A.2201.	1.1.A.2202.	1.1.U.2203.	A	G	A	A	A	U	M000000	1	1	1	1	1	LC	SM	SM	SM	LC	S	HC	HC	HC	HC	S	G,A,A,A	4	anti,~C3'-endo	anti,~C3'-endo	anti,~C3'-endo	anti,~C3'-endo	anti,~C3'-endo	anti,~C3'-endo	G-A,tSH	A-U,cWW	-,-	-,-	-,-	-,-	-,-	-,-	1	RF02541	NR_all_71228.8
8C3A	6	0.963	0.161	1.364	M111111	1.1.U.1399.	1.1.G.1400.	1.1.U.1401.	1.1.A.1402.	1.1.A.1403.	1.1.A.1404.	U	G	U	A	A	A	M000000	1	1	1	1	1	LC	SM	SM	SM	LC	S	HC	HC	HC	HC	S	G,U,A,A	4	anti,~C3'-endo	anti,~C3'-endo	anti,~C3'-endo	anti,~C3'-endo	anti,~C3'-endo	anti,~C3'-endo	G-A,tSH	U-A,cWW	-,-	-,-	-,-	-,-	basepair,-	-,-	1	RF02541	NR_all_71228.8
8C3A	6	0.986	0.164	1.357	M111111	1.1.A.357.	1.1.G.358.	1.1.U.359.	1.1.G.360.	1.1.A.361.	1.1.U.362.	A	G	U	G	A	U	M000000	1	1	1	1	1	LC	SM	SM	SM	LC	S	HC	HC	HC	HC	S	G,U,G,A	4	anti,~C3'-endo	anti,~C3'-endo	anti,~C3'-endo	anti,~C3'-endo	anti,~C3'-endo	anti,~C3'-endo	G-A,tSH	A-U,cWW	-,-	-,-	-,stack	basepair,-	basepair,-	-,-	1	RF02541	NR_all_71228.8
8C3A	6	1.052	0.175	1.504	M111111	1.1.G.1630.	1.1.G.1631.	1.1.C.1632.	1.1.A.1633.	1.1.A.1634.	1.1.C.1635.	G	G	C	A	A	C	M000000	1	1	1	1	1	LC	SM	SM	SM	LC	S	HC	HC	HC	HC	S	G,C,A,A	4	anti,~C3'-endo	anti,~C3'-endo	anti,~C3'-endo	anti,~C3'-endo	anti,~C3'-endo	anti,~C3'-endo	G-A,tSH	G-C,cWW	-,-	-,-	-,stack	basepair,-	basepair,-	-,-	1	RF02541	NR_all_71228.8
8C3A	6	1.102	0.184	1.411	M111111	1.1.A.2142.	1.1.G.2143.	1.1.A.2144.	1.1.A.2145.	1.1.A.2146.	1.1.U.2148.	A	G	A	A	A	U	M000000	1	1	1	1	2	LC	SM	SM	SM	LC	S	HC	HC	HC	HC	S	G,A,A,A,G	5	anti,~C3'-endo	anti,~C3'-endo	anti,~C3'-endo	anti,~C3'-endo	anti,~C3'-endo	anti,~C3'-endo	G-A,tSH	A-U,cWW	-,-	-,-	basepair,-	-,-	basepair,-	-,-	1	RF02541	NR_all_71228.8
8C3A	6	1.177	0.196	2.555	M111111	1.CM.C.1488.	1.CM.G.1489.	1.CM.A.1490.	1.CM.G.1491.	1.CM.A.1492.	1.CM.G.1493.	C	G	A	G	A	G	M000000	1	1	1	1	1	LC	SM	SM	SM	LC	S	HC	HC	HC	HC	S	G,A,G,A	4	anti,~C3'-endo	anti,~C3'-endo	syn,~C3'-endo	anti,~C3'-endo	anti,~C3'-endo	anti,~C3'-endo	G-A,tSH	C-G,cWW	-,-	-,-	-,stack	basepair,-	basepair,-	-,-	1	RF02542	NR_all_22526.6
8C3A	6	1.244	0.207	1.647	M111111	1.1.G.1122.	1.1.G.1123.	1.1.U.1124.	1.1.A.1125.	1.1.A.1126.	1.1.C.1128.	G	G	U	A	A	C	M000000	1	1	1	1	2	LC	SM	SM	SM	LC	S	HC	HC	HC	HC	S	G,U,A,A,G	5	anti,~C3'-endo	anti,~C3'-endo	anti,~C3'-endo	anti,~C3'-endo	anti,~C3'-endo	anti,~C3'-endo	G-A,tSH	G-C,cWW	basepair,-	-,-	basepair,-	-,-	-,-	-,-	1	RF02541	NR_all_71228.8
8D28	6	0.611	0.102	0.951	M111111	1.B.C.13.	1.B.G.14.	1.B.A.15.	1.B.A.16.	1.B.A.17.	1.B.G.18.	C	G	A	A	A	G	M000001	1	1	1	1	1	LC	SM	SM	SM	LC	S	HC	HC	HC	HC	S	G,A,A,A	4	anti,~C3'-endo	anti,~C3'-endo	anti,~C3'-endo	anti,~C3'-endo	anti,~C3'-endo	anti,~C3'-endo	G-A,tSH	C-G,cWW	-,-	-,-	-,-	-,-	-,-	-,-	1	-	NR_all_48165.2
8G9Z	6	1.042	0.174	1.569	M111111	1.E.C.47.C	1.E.U.47.D	1.E.A.47.E	1.E.G.47.F	1.E.C.47.G	1.E.G.47.H	C	U	A	G	C	G	M000000	1	1	1	1	1	LC	SM	SM	SM	LC	S	HC	HC	HC	HC	S	U,A,G,C	4	anti,~C3'-endo	anti,~C3'-endo	anti,~C3'-endo	anti,~C3'-endo	anti,~C3'-endo	anti,~C3'-endo	U-C,tSH	C-G,cWW	-,-	-,-	-,-	-,-	-,-	-,-	0	-	NR_all_90840.6
8HZE	6	0.522	0.087	0.736	M111111	1.B.C.19.	1.B.G.20.	1.B.A.21.	1.B.A.22.	1.B.A.23.	1.B.G.24.	C	G	A	A	A	G	M111111	1	1	1	1	1	LC	SM	SM	SM	LC	S	HC	HC	HC	HC	S	G,A,A,A	4	anti,~C3'-endo	anti,~C3'-endo	anti,~C3'-endo	anti,~C3'-endo	anti,~C3'-endo	anti,~C3'-endo	G-A,tSH	C-G,cWW	-,-	-,-	-,-	-,-	-,-	-,-	1	-	NR_all_04219.1
8HZL	6	0.435	0.072	0.517	M111111	1.B.C.49.	1.B.G.50.	1.B.A.51.	1.B.A.52.	1.B.A.53.	1.B.G.54.	C	G	A	A	A	G	M001000	1	1	1	1	1	LC	SM	SM	SM	LC	S	HC	HC	HC	HC	S	G,A,A,A	4	anti,~C3'-endo	anti,~C3'-endo	anti,~C3'-endo	anti,~C3'-endo	anti,~C3'-endo	anti,~C3'-endo	G-A,tSH	C-G,cWW	-,-	-,-	-,-	-,-	-,-	-,-	1	-	NR_all_53992.1
8ITS	6	0.467	0.078	0.65	M111111	1.A.C.31.	1.A.G.32.	1.A.A.33.	1.A.A.34.	1.A.A.35.	1.A.G.36.	C	G	A	A	A	G	M011111	1	1	1	1	1	LC	SM	SM	SM	LC	S	HC	HC	HC	HC	S	G,A,A,A	4	anti,~C3'-endo	anti,~C3'-endo	anti,~C3'-endo	anti,~C3'-endo	anti,~C3'-endo	anti,~C3'-endo	G-A,tSH	C-G,cWW	-,-	-,-	-,-	-,-	-,-	-,-	1	-	NR_all_40127.1
8ITS	6	0.508	0.085	0.842	M111111	1.A.C.15.	1.A.G.16.	1.A.A.17.	1.A.A.18.	1.A.A.19.	1.A.G.20.	C	G	A	A	A	G	M101111	1	1	1	1	1	LC	SM	SM	SM	LC	S	HC	HC	HC	HC	S	G,A,A,A	4	anti,~C3'-endo	anti,~C3'-endo	anti,~C3'-endo	anti,~C3'-endo	anti,~C3'-endo	anti,~C3'-endo	G-A,tSH	C-G,cWW	-,-	-,-	-,-	-,-	-,-	-,-	1	-	NR_all_40127.1
8JOZ	6	0.49	0.082	0.715	M111111	1.B.C.47.B	1.B.G.47.C	1.B.A.47.D	1.B.A.47.E	1.B.A.47.F	1.B.G.47.G	C	G	A	A	A	G	M111110	1	1	1	1	1	LC	SM	SM	SM	LC	S	HC	HC	HC	HC	S	G,A,A,A	4	anti,~C3'-endo	anti,~C3'-endo	anti,~C3'-endo	anti,~C3'-endo	anti,~C3'-endo	anti,~C3'-endo	G-A,tSH	C-G,cWW	-,-	-,-	-,-	-,-	-,-	-,-	1	-	NR_all_41726.1
8KAH	6	0.608	0.101	0.806	M111111	1.I.U.72.	1.I.G.73.	1.I.A.74.	1.I.A.75.	1.I.A.76.	1.I.A.77.	U	G	A	A	A	A	M000000	1	1	1	1	1	LC	SM	SM	SM	LC	S	HC	HC	HC	HC	S	G,A,A,A	4	anti,~C3'-endo	anti,~C3'-endo	anti,~C3'-endo	anti,~C3'-endo	anti,~C3'-endo	anti,~C3'-endo	-	U-A,cWW	-,-	-,-	-,stack	-,-	-,-	-,-	1	-	NR_all_51201.1
8VTW	6	0	0	0	M111111	1.1A.C.2374.	1.1A.G.2375.	1.1A.A.2376.	1.1A.A.2377.	1.1A.A.2378.	1.1A.G.2379.	C	G	A	A	A	G	M000000	1	1	1	1	1	LC	SM	SM	SM	LC	S	HC	HC	HC	HC	S	G,A,A,A	4	anti,~C3'-endo	anti,~C3'-endo	anti,~C3'-endo	anti,~C3'-endo	anti,~C3'-endo	anti,~C3'-endo	G-A,tSH	C-G,cWW	-,-	-,-	-,stack	-,-	-,stack	-,-	1	RF02541	NR_all_97519.74
8VTW	6	0.6	0.1	1.097	M111111	1.1A.C.2658.	1.1A.G.2659.	1.1A.A.2660.	1.1A.G.2661.	1.1A.A.2662.	1.1A.G.2663.	C	G	A	G	A	G	M000000	1	1	1	1	1	SM	SM	SM	SM	SM	HC	HC	HC	HC	HC	HC	U,A,G,U,A,C,G,A,G,A,G,G,A,C,C	15	anti,~C3'-endo	anti,~C3'-endo	anti,~C3'-endo	anti,~C3'-endo	anti,~C3'-endo	anti,~C3'-endo	G-A,tSH	C-G,cWW	basepair,stack	-,-	-,-	-,-	basepair,-	basepair,stack	1	RF02541	NR_all_97519.74
8VTW	6	0.668	0.111	1.043	M111111	1.1A.C.1806.	1.1A.G.1807.	1.1A.U.1808.	1.1A.A.1809.	1.1A.A.1810.	1.1A.G.1811.	C	G	U	A	A	G	M000000	1	1	1	1	1	LC	SM	SM	SM	LC	S	HC	HC	HC	HC	S	G,U,A,A	4	anti,~C3'-endo	anti,~C3'-endo	anti,~C3'-endo	anti,~C3'-endo	anti,~C3'-endo	anti,~C3'-endo	G-A,tSH	C-G,cWW	-,-	-,-	-,-	-,-	basepair,-	-,-	1	RF02541	NR_all_97519.74
8VTW	6	0.681	0.114	0.96	M111111	1.1A.C.955.	1.1A.G.956.	1.1A.A.957.	1.1A.A.959.	1.1A.A.960.	1.1A.G.962.	C	G	A	A	A	G	M000000	1	1	2	1	2	LC	SM	SM	SM	LC	S	HC	HC	HC	HC	S	G,A,U,A,A,C	6	anti,~C3'-endo	anti,~C3'-endo	anti,~C2'-endo	anti,~C3'-endo	anti,~C3'-endo	anti,~C3'-endo	G-A,tSH	C-G,cWW	-,-	-,-	basepair,-	-,-	basepair,-	basepair,-	0	RF02541	NR_all_97519.74
8VTW	6	0.713	0.119	1.068	M111111	1.1A.C.462.	1.1A.G.463.	1.1A.U.464.	1.1A.G.465.	1.1A.A.466.	1.1A.G.467.	C	G	U	G	A	G	M000000	1	1	1	1	1	LC	SM	SM	SM	LC	S	HC	HC	HC	HC	S	G,U,G,A	4	anti,~C3'-endo	anti,~C3'-endo	anti,~C3'-endo	anti,~C3'-endo	anti,~C3'-endo	anti,~C3'-endo	G-A,tSH	C-G,cWW	-,-	-,-	-,stack	basepair,-	basepair,-	-,-	1	RF02541	NR_all_97519.74
8VTW	6	0.727	0.121	1.063	M111111	1.1A.C.2594.	1.1A.G.2595.	1.1A.U.2596.	1.1A.G.2597.	1.1A.A.2598.	1.1A.G.2599.	C	G	U	G	A	G	M000000	1	1	1	1	1	LC	SM	SM	SM	LC	S	HC	HC	HC	HC	S	G,U,G,A	4	anti,~C3'-endo	anti,~C3'-endo	anti,~C3'-endo	anti,~C3'-endo	anti,~C3'-endo	anti,~C3'-endo	G-A,tSH	C-G,cWW	-,-	-,-	-,stack	basepair,-	basepair,-	-,-	1	RF02541	NR_all_97519.74
8VTW	6	0.73	0.122	1.081	M111111	1.1A.G.629.	1.1A.G.630.	1.1A.A.631.	1.1A.A.632.	1.1A.A.633.	1.1A.C.634.	G	G	A	A	A	C	M000000	1	1	1	1	1	LC	SM	SM	SM	LC	S	HC	HC	HC	HC	S	G,A,A,A	4	anti,~C3'-endo	anti,~C3'-endo	anti,~C3'-endo	anti,~C3'-endo	anti,~C3'-endo	anti,~C3'-endo	G-A,tSH	G-C,cWW	-,-	-,-	basepair,-	-,-	-,-	-,-	1	RF02541	NR_all_97519.74
8VTW	6	0.811	0.135	1.294	M111111	1.1A.C.2856.	1.1A.G.2857.	1.1A.C.2858.	1.1A.G.2859.	1.1A.A.2860.	1.1A.G.2861.	C	G	C	G	A	G	M000000	1	1	1	1	1	LC	SM	SM	SM	LC	S	HC	HC	HC	HC	S	G,C,G,A	4	anti,~C3'-endo	anti,~C3'-endo	anti,~C3'-endo	anti,~C3'-endo	anti,~C3'-endo	anti,~C3'-endo	G-A,tSH	C-G,cWW	-,-	-,-	-,-	basepair,-	basepair,-	-,-	1	RF02541	NR_all_97519.74
8VTW	6	0.813	0.135	1.324	M111111	1.1A.C.487.	1.1A.G.488.	1.1A.G.489.	1.1A.G.491.	1.1A.A.492.	1.1A.G.493.	C	G	G	G	A	G	M000000	1	1	1	1	1	LC	SM	SM	SM	LC	S	HC	HC	HC	HC	S	G,G,G,A	4	anti,~C3'-endo	anti,~C3'-endo	anti,~C3'-endo	anti,~C3'-endo	anti,~C3'-endo	anti,~C3'-endo	G-A,tSH	C-G,cWW	-,-	-,-	-,stack	-,-	-,-	-,-	1	RF02541	NR_all_97519.74
8VTW	6	0.82	0.137	1.106	M111111	1.1B.G.86.	1.1B.G.87.	1.1B.C.88.	1.1B.G.89.	1.1B.A.90.	1.1B.C.91.	G	G	C	G	A	C	M000000	1	1	1	1	1	LC	SM	SM	SM	LC	S	HC	HC	HC	HC	S	G,C,G,A	4	anti,~C3'-endo	anti,~C3'-endo	anti,~C3'-endo	anti,~C3'-endo	anti,~C3'-endo	anti,~C3'-endo	G-A,tSH	G-C,cWW	-,-	-,-	-,-	-,-	-,-	-,-	1	RF00001	NR_all_42622.74
8VTW	6	0.84	0.14	1.142	M111111	1.1A.U.1864.	1.1A.G.1865.	1.1A.C.1866.	1.1A.A.1876.	1.1A.A.1877.	1.1A.G.1878.	U	G	C	A	A	G	M000000	1	1	1	1	1	LC	SM	SM	SM	LC	S	HC	HC	HC	HC	S	G,C,A,A	4	anti,~C3'-endo	anti,~C3'-endo	anti,~C3'-endo	anti,~C3'-endo	anti,~C3'-endo	anti,~C3'-endo	G-A,tSH	U-G,cWW	-,-	-,-	-,-	-,-	-,-	-,-	1	RF02541	NR_all_97519.74
8VTW	6	0.848	0.141	1.25	M111111	1.1A.C.1222.	1.1A.G.1223.	1.1A.C.1224.	1.1A.G.1225.	1.1A.A.1226.	1.1A.G.1227.	C	G	C	G	A	G	M000000	1	1	1	1	1	LC	SM	SM	SM	LC	S	HC	HC	HC	HC	S	G,C,G,A	4	anti,~C3'-endo	anti,~C3'-endo	anti,~C3'-endo	anti,~C3'-endo	anti,~C3'-endo	anti,~C3'-endo	G-A,tSH	C-G,cWW	-,-	-,-	-,-	basepair,-	basepair,-	-,-	1	RF02541	NR_all_97519.74
8VU0	6	0.694	0.116	1.096	M111111	1.C.C.33.	1.C.G.34.	1.C.A.35.	1.C.A.36.	1.C.A.37.	1.C.G.38.	C	G	A	A	A	G	M001111	1	1	1	1	1	LC	SM	SM	SM	LC	S	HC	HC	HC	HC	S	G,A,A,A	4	anti,~C3'-endo	anti,~C3'-endo	anti,~C3'-endo	anti,~C3'-endo	anti,~C3'-endo	anti,~C3'-endo	G-A,tSH	C-G,cWW	-,-	-,-	-,-	-,-	-,-	-,-	1	-	NR_all_51591.1
8X5V	6	0.392	0.065	0.646	M111111	1.B.U.33.	1.B.G.34.	1.B.A.35.	1.B.A.36.	1.B.A.37.	1.B.A.38.	U	G	A	A	A	A	M001011	1	1	1	1	1	LC	SM	SM	SM	LC	S	HC	HC	HC	HC	S	G,A,A,A	4	anti,~C3'-endo	anti,~C3'-endo	anti,~C3'-endo	anti,~C3'-endo	anti,~C3'-endo	anti,~C3'-endo	G-A,tSH	U-A,cWW	-,-	-,-	-,-	-,-	-,-	-,-	1	-	NR_all_37204.1
5J7L	1.DA.A.1808.,1.DA.A.1809.,1.DA.A.1810.,1.DA.C.1806.,1.DA.G.1807.,1.DA.G.1811.	5	1.DA.A.1808.																																																		
5J7L	1.DA.A.1871.,1.DA.A.1872.,1.DA.C.1868.,1.DA.C.1870.,1.DA.G.1869.,1.DA.G.1873.	5	1.DA.C.1870.																																																		
3OXE	1.A.A.51.,1.A.A.52.,1.A.A.53.,1.A.C.54.,1.A.G.49.,1.A.G.50.	5	1.A.A.51.																																																		
5VSU	1.I.A.73.,1.I.A.75.,1.I.C.72.,1.I.G.71.,1.I.U.70.,1.I.U.74.	0																																																			
